Date,Line,Product,Quantity,Month,Quarter
2024-01-01,L1,B,140.0,1,1
2024-01-01,L2,A,75.0,1,1
2024-01-01,L3,D,96.0,1,1
2024-01-01,L4,C,96.0,1,1
2024-01-01,L5,E,120.0,1,1
2024-01-01,L6,F,60.0,1,1
2024-01-01,L7,F,132.0,1,1
2024-01-02,L1,A,3.0,1,1
2024-01-02,L1,B,68.0,1,1
2024-01-02,L2,A,75.0,1,1
2024-01-02,L3,D,96.0,1,1
2024-01-02,L4,C,61.0,1,1
2024-01-02,L5,C,99.0,1,1
2024-01-02,L5,E,21.0,1,1
2024-01-02,L6,F,55.0,1,1
2024-01-02,L7,D,132.0,1,1
2024-01-03,L1,B,119.0,1,1
2024-01-03,L3,D,84.0,1,1
2024-01-03,L4,C,84.0,1,1
2024-01-03,L7,D,1.0,1,1
2024-01-03,L7,F,114.0,1,1
2024-01-04,L1,A,140.0,1,1
2024-01-04,L2,A,10.0,1,1
2024-01-04,L4,E,96.0,1,1
2024-01-04,L5,E,120.0,1,1
2024-01-04,L7,D,1.0,1,1
2024-01-04,L7,F,6.0,1,1
2024-01-05,L1,B,140.0,1,1
2024-01-05,L4,E,86.0,1,1
2024-01-06,L1,A,133.0,1,1
2024-01-06,L1,B,7.0,1,1
2024-01-06,L3,D,96.0,1,1
2024-01-06,L4,E,96.0,1,1
2024-01-06,L5,C,108.0,1,1
2024-01-06,L6,F,60.0,1,1
2024-01-06,L7,D,85.0,1,1
2024-01-07,L1,B,140.0,1,1
2024-01-07,L2,A,4.0,1,1
2024-01-07,L3,D,14.0,1,1
2024-01-07,L4,E,96.0,1,1
2024-01-07,L5,C,120.0,1,1
2024-01-07,L6,F,60.0,1,1
2024-01-07,L7,D,132.0,1,1
2024-01-08,L1,B,140.0,1,1
2024-01-08,L2,A,68.0,1,1
2024-01-08,L3,D,96.0,1,1
2024-01-08,L4,C,96.0,1,1
2024-01-08,L5,E,120.0,1,1
2024-01-08,L6,F,60.0,1,1
2024-01-08,L7,F,132.0,1,1
2024-01-09,L1,A,3.0,1,1
2024-01-09,L1,B,74.0,1,1
2024-01-09,L2,A,75.0,1,1
2024-01-09,L3,D,96.0,1,1
2024-01-09,L4,C,55.0,1,1
2024-01-09,L5,C,97.0,1,1
2024-01-09,L5,E,23.0,1,1
2024-01-09,L6,F,60.0,1,1
2024-01-09,L7,D,132.0,1,1
2024-01-10,L1,B,129.0,1,1
2024-01-10,L3,D,92.0,1,1
2024-01-10,L4,C,92.0,1,1
2024-01-10,L7,D,1.0,1,1
2024-01-10,L7,F,125.0,1,1
2024-01-12,L1,B,139.0,1,1
2024-01-12,L4,E,78.0,1,1
2024-01-13,L1,A,133.0,1,1
2024-01-13,L1,B,7.0,1,1
2024-01-13,L3,D,96.0,1,1
2024-01-13,L4,E,96.0,1,1
2024-01-13,L5,C,110.0,1,1
2024-01-13,L6,F,60.0,1,1
2024-01-13,L7,D,93.0,1,1
2024-01-14,L1,B,139.0,1,1
2024-01-14,L2,A,4.0,1,1
2024-01-14,L3,D,13.0,1,1
2024-01-14,L4,E,96.0,1,1
2024-01-14,L5,C,120.0,1,1
2024-01-14,L6,F,60.0,1,1
2024-01-14,L7,D,120.0,1,1
2024-01-15,L1,B,138.0,1,1
2024-01-15,L2,A,69.0,1,1
2024-01-15,L3,D,96.0,1,1
2024-01-15,L4,C,96.0,1,1
2024-01-15,L5,E,120.0,1,1
2024-01-15,L6,F,60.0,1,1
2024-01-15,L7,F,132.0,1,1
2024-01-16,L1,A,3.0,1,1
2024-01-16,L1,B,81.0,1,1
2024-01-16,L2,A,69.0,1,1
2024-01-16,L3,D,96.0,1,1
2024-01-16,L4,C,50.0,1,1
2024-01-16,L5,C,95.0,1,1
2024-01-16,L5,E,25.0,1,1
2024-01-16,L6,F,60.0,1,1
2024-01-16,L7,D,132.0,1,1
2024-01-17,L1,B,117.0,1,1
2024-01-17,L3,D,96.0,1,1
2024-01-17,L4,C,96.0,1,1
2024-01-17,L7,D,1.0,1,1
2024-01-17,L7,F,131.0,1,1
2024-01-18,L1,A,140.0,1,1
2024-01-18,L3,D,96.0,1,1
2024-01-18,L4,E,96.0,1,1
2024-01-18,L5,C,120.0,1,1
2024-01-18,L6,F,60.0,1,1
2024-01-20,L1,A,130.0,1,1
2024-01-20,L1,B,7.0,1,1
2024-01-20,L3,D,90.0,1,1
2024-01-20,L4,E,96.0,1,1
2024-01-20,L5,C,120.0,1,1
2024-01-20,L6,F,60.0,1,1
2024-01-20,L7,D,88.0,1,1
2024-01-21,L1,B,128.0,1,1
2024-01-21,L2,A,4.0,1,1
2024-01-21,L3,D,12.0,1,1
2024-01-21,L4,E,96.0,1,1
2024-01-21,L5,C,120.0,1,1
2024-01-21,L6,F,60.0,1,1
2024-01-21,L7,D,132.0,1,1
2024-01-22,L1,B,138.0,1,1
2024-01-22,L2,A,75.0,1,1
2024-01-22,L3,D,88.0,1,1
2024-01-22,L4,C,96.0,1,1
2024-01-22,L5,E,120.0,1,1
2024-01-22,L6,F,60.0,1,1
2024-01-22,L7,F,132.0,1,1
2024-01-23,L1,A,3.0,1,1
2024-01-23,L1,B,89.0,1,1
2024-01-23,L2,A,75.0,1,1
2024-01-23,L3,D,96.0,1,1
2024-01-23,L4,C,45.0,1,1
2024-01-23,L5,C,86.0,1,1
2024-01-23,L5,E,27.0,1,1
2024-01-23,L6,F,54.0,1,1
2024-01-23,L7,D,132.0,1,1
2024-01-24,L1,B,128.0,1,1
2024-01-24,L3,D,96.0,1,1
2024-01-24,L4,C,96.0,1,1
2024-01-24,L7,D,1.0,1,1
2024-01-24,L7,F,124.0,1,1
2024-01-25,L1,A,136.0,1,1
2024-01-25,L3,D,96.0,1,1
2024-01-25,L4,E,87.0,1,1
2024-01-25,L5,C,120.0,1,1
2024-01-25,L6,F,60.0,1,1
2024-01-26,L1,A,15.0,1,1
2024-01-26,L1,B,115.0,1,1
2024-01-26,L2,A,75.0,1,1
2024-01-26,L3,D,96.0,1,1
2024-01-26,L4,C,96.0,1,1
2024-01-26,L5,E,120.0,1,1
2024-01-26,L6,F,60.0,1,1
2024-01-26,L7,D,50.0,1,1
2024-01-26,L7,F,82.0,1,1
2024-01-27,L1,A,117.0,1,1
2024-01-27,L1,B,7.0,1,1
2024-01-27,L3,D,81.0,1,1
2024-01-27,L4,E,93.0,1,1
2024-01-27,L5,C,112.0,1,1
2024-01-27,L6,F,54.0,1,1
2024-01-27,L7,D,80.0,1,1
2024-01-28,L1,B,140.0,1,1
2024-01-28,L2,A,4.0,1,1
2024-01-28,L3,D,11.0,1,1
2024-01-28,L4,E,87.0,1,1
2024-01-28,L5,C,120.0,1,1
2024-01-28,L6,F,60.0,1,1
2024-01-28,L7,D,124.0,1,1
2024-01-29,L1,B,140.0,1,1
2024-01-29,L2,A,74.0,1,1
2024-01-29,L3,D,96.0,1,1
2024-01-29,L4,C,96.0,1,1
2024-01-29,L5,E,120.0,1,1
2024-01-29,L6,F,60.0,1,1
2024-01-29,L7,F,132.0,1,1
2024-01-30,L1,A,3.0,1,1
2024-01-30,L1,B,97.0,1,1
2024-01-30,L2,A,75.0,1,1
2024-01-30,L3,D,96.0,1,1
2024-01-30,L4,C,41.0,1,1
2024-01-30,L5,C,91.0,1,1
2024-01-30,L5,E,29.0,1,1
2024-01-30,L6,F,51.0,1,1
2024-01-30,L7,D,132.0,1,1
2024-01-31,L1,B,140.0,1,1
2024-01-31,L3,D,96.0,1,1
2024-01-31,L4,C,96.0,1,1
2024-01-31,L7,D,1.0,1,1
2024-01-31,L7,F,112.0,1,1
2024-02-01,L1,A,123.0,2,1
2024-02-01,L3,D,96.0,2,1
2024-02-01,L4,E,80.0,2,1
2024-02-01,L5,C,120.0,2,1
2024-02-01,L6,F,60.0,2,1
2024-02-02,L1,A,14.0,2,1
2024-02-02,L1,B,126.0,2,1
2024-02-02,L2,A,68.0,2,1
2024-02-02,L3,D,88.0,2,1
2024-02-02,L4,C,96.0,2,1
2024-02-02,L5,E,120.0,2,1
2024-02-02,L6,F,58.0,2,1
2024-02-02,L7,D,45.0,2,1
2024-02-02,L7,F,87.0,2,1
2024-02-03,L1,A,106.0,2,1
2024-02-03,L1,B,7.0,2,1
2024-02-03,L3,D,73.0,2,1
2024-02-03,L4,E,84.0,2,1
2024-02-03,L5,C,101.0,2,1
2024-02-03,L6,F,50.0,2,1
2024-02-03,L7,D,72.0,2,1
2024-02-04,L1,B,140.0,2,1
2024-02-04,L2,A,4.0,2,1
2024-02-04,L3,D,10.0,2,1
2024-02-04,L4,E,79.0,2,1
2024-02-04,L5,C,110.0,2,1
2024-02-04,L6,F,55.0,2,1
2024-02-04,L7,D,112.0,2,1
2024-02-05,L1,B,140.0,2,1
2024-02-05,L2,A,67.0,2,1
2024-02-05,L3,D,87.0,2,1
2024-02-05,L4,C,96.0,2,1
2024-02-05,L5,E,120.0,2,1
2024-02-05,L6,F,55.0,2,1
2024-02-05,L7,F,119.0,2,1
2024-02-06,L1,A,3.0,2,1
2024-02-06,L1,B,106.0,2,1
2024-02-06,L2,A,69.0,2,1
2024-02-06,L3,D,96.0,2,1
2024-02-06,L4,C,37.0,2,1
2024-02-06,L5,C,82.0,2,1
2024-02-06,L5,E,31.0,2,1
2024-02-06,L6,F,46.0,2,1
2024-02-06,L7,D,132.0,2,1
2024-02-07,L1,B,140.0,2,1
2024-02-07,L3,D,96.0,2,1
2024-02-07,L4,C,87.0,2,1
2024-02-07,L7,D,1.0,2,1
2024-02-07,L7,F,101.0,2,1
2024-02-08,L1,A,111.0,2,1
2024-02-08,L3,D,88.0,2,1
2024-02-08,L4,E,72.0,2,1
2024-02-08,L5,C,120.0,2,1
2024-02-08,L6,F,60.0,2,1
2024-02-09,L1,A,14.0,2,1
2024-02-09,L1,B,126.0,2,1
2024-02-09,L2,A,64.0,2,1
2024-02-09,L3,D,96.0,2,1
2024-02-09,L4,C,96.0,2,1
2024-02-09,L5,E,120.0,2,1
2024-02-09,L6,F,60.0,2,1
2024-02-09,L7,D,47.0,2,1
2024-02-09,L7,F,85.0,2,1
2024-02-10,L1,A,113.0,2,1
2024-02-10,L1,B,7.0,2,1
2024-02-10,L3,D,73.0,2,1
2024-02-10,L4,E,92.0,2,1
2024-02-10,L5,C,111.0,2,1
2024-02-10,L6,F,55.0,2,1
2024-02-10,L7,D,65.0,2,1
2024-02-11,L1,B,140.0,2,1
2024-02-11,L2,A,4.0,2,1
2024-02-11,L3,D,10.0,2,1
2024-02-11,L4,E,72.0,2,1
2024-02-11,L5,C,99.0,2,1
2024-02-11,L6,F,60.0,2,1
2024-02-11,L7,D,101.0,2,1
2024-02-12,L1,B,140.0,2,1
2024-02-12,L2,A,61.0,2,1
2024-02-12,L3,D,88.0,2,1
2024-02-12,L4,C,96.0,2,1
2024-02-12,L5,E,120.0,2,1
2024-02-12,L6,F,60.0,2,1
2024-02-12,L7,F,110.0,2,1
2024-02-13,L1,A,3.0,2,1
2024-02-13,L1,B,116.0,2,1
2024-02-13,L2,A,75.0,2,1
2024-02-13,L3,D,87.0,2,1
2024-02-13,L4,C,34.0,2,1
2024-02-13,L5,C,74.0,2,1
2024-02-13,L5,E,32.0,2,1
2024-02-13,L6,F,42.0,2,1
2024-02-13,L7,D,132.0,2,1
2024-02-14,L1,B,140.0,2,1
2024-02-14,L3,D,87.0,2,1
2024-02-14,L4,C,84.0,2,1
2024-02-14,L7,D,1.0,2,1
2024-02-14,L7,F,91.0,2,1
2024-02-15,L1,A,100.0,2,1
2024-02-15,L3,D,96.0,2,1
2024-02-15,L4,E,65.0,2,1
2024-02-15,L5,C,120.0,2,1
2024-02-15,L6,F,55.0,2,1
2024-02-16,L1,A,15.0,2,1
2024-02-16,L1,B,117.0,2,1
2024-02-16,L2,A,69.0,2,1
2024-02-16,L3,D,88.0,2,1
2024-02-16,L4,C,96.0,2,1
2024-02-16,L5,E,120.0,2,1
2024-02-16,L6,F,60.0,2,1
2024-02-16,L7,D,51.0,2,1
2024-02-16,L7,F,80.0,2,1
2024-02-17,L1,A,116.0,2,1
2024-02-17,L1,B,7.0,2,1
2024-02-17,L3,D,80.0,2,1
2024-02-17,L4,E,96.0,2,1
2024-02-17,L5,C,100.0,2,1
2024-02-17,L6,F,60.0,2,1
2024-02-17,L7,D,59.0,2,1
2024-02-18,L1,B,140.0,2,1
2024-02-18,L2,A,4.0,2,1
2024-02-18,L3,D,11.0,2,1
2024-02-18,L4,E,66.0,2,1
2024-02-18,L5,C,90.0,2,1
2024-02-18,L6,F,60.0,2,1
2024-02-18,L7,D,91.0,2,1
2024-02-19,L1,B,140.0,2,1
2024-02-19,L2,A,65.0,2,1
2024-02-19,L3,D,96.0,2,1
2024-02-19,L4,C,96.0,2,1
2024-02-19,L5,E,120.0,2,1
2024-02-19,L6,F,54.0,2,1
2024-02-19,L7,F,120.0,2,1
2024-02-20,L1,A,3.0,2,1
2024-02-20,L1,B,126.0,2,1
2024-02-20,L2,A,68.0,2,1
2024-02-20,L3,D,95.0,2,1
2024-02-20,L4,C,31.0,2,1
2024-02-20,L5,C,67.0,2,1
2024-02-20,L5,E,34.0,2,1
2024-02-20,L6,F,46.0,2,1
2024-02-20,L7,D,132.0,2,1
2024-02-21,L1,B,140.0,2,1
2024-02-21,L3,D,79.0,2,1
2024-02-21,L4,C,92.0,2,1
2024-02-21,L7,D,1.0,2,1
2024-02-21,L7,F,83.0,2,1
2024-02-22,L1,A,90.0,2,1
2024-02-22,L3,D,87.0,2,1
2024-02-22,L4,E,59.0,2,1
2024-02-22,L5,C,120.0,2,1
2024-02-22,L6,F,60.0,2,1
2024-02-23,L1,A,16.0,2,1
2024-02-23,L1,B,124.0,2,1
2024-02-23,L2,A,75.0,2,1
2024-02-23,L3,D,96.0,2,1
2024-02-23,L4,C,96.0,2,1
2024-02-23,L5,E,120.0,2,1
2024-02-23,L6,F,54.0,2,1
2024-02-23,L7,D,53.0,2,1
2024-02-23,L7,F,72.0,2,1
2024-02-24,L1,A,110.0,2,1
2024-02-24,L1,B,7.0,2,1
2024-02-24,L3,D,88.0,2,1
2024-02-24,L4,E,96.0,2,1
2024-02-24,L5,C,100.0,2,1
2024-02-24,L6,F,60.0,2,1
2024-02-24,L7,D,64.0,2,1
2024-02-25,L1,B,133.0,2,1
2024-02-25,L2,A,4.0,2,1
2024-02-25,L3,D,12.0,2,1
2024-02-25,L4,E,60.0,2,1
2024-02-25,L5,C,96.0,2,1
2024-02-25,L6,F,57.0,2,1
2024-02-25,L7,D,82.0,2,1
2024-02-26,L1,B,140.0,2,1
2024-02-26,L2,A,59.0,2,1
2024-02-26,L3,D,87.0,2,1
2024-02-26,L4,C,96.0,2,1
2024-02-26,L5,E,120.0,2,1
2024-02-26,L6,F,52.0,2,1
2024-02-26,L7,F,132.0,2,1
2024-02-27,L1,A,3.0,2,1
2024-02-27,L1,B,114.0,2,1
2024-02-27,L2,A,62.0,2,1
2024-02-27,L3,D,88.0,2,1
2024-02-27,L4,C,28.0,2,1
2024-02-27,L5,C,61.0,2,1
2024-02-27,L5,E,36.0,2,1
2024-02-27,L6,F,50.0,2,1
2024-02-27,L7,D,128.0,2,1
2024-03-01,L1,A,17.0,3,1
2024-03-01,L1,B,123.0,3,1
2024-03-01,L2,A,75.0,3,1
2024-03-01,L3,D,96.0,3,1
2024-03-01,L4,C,96.0,3,1
2024-03-01,L5,E,120.0,3,1
2024-03-01,L6,F,59.0,3,1
2024-03-01,L7,D,57.0,3,1
2024-03-01,L7,F,75.0,3,1
2024-03-02,L1,A,121.0,3,1
2024-03-02,L1,B,7.0,3,1
2024-03-02,L3,D,96.0,3,1
2024-03-02,L4,E,96.0,3,1
2024-03-02,L5,C,110.0,3,1
2024-03-02,L6,F,56.0,3,1
2024-03-02,L7,D,70.0,3,1
2024-03-03,L1,B,120.0,3,1
2024-03-03,L2,A,4.0,3,1
2024-03-03,L3,D,13.0,3,1
2024-03-03,L4,E,54.0,3,1
2024-03-03,L5,C,105.0,3,1
2024-03-03,L6,F,52.0,3,1
2024-03-03,L7,D,74.0,3,1
2024-03-04,L1,B,140.0,3,1
2024-03-04,L2,A,55.0,3,1
2024-03-04,L3,D,88.0,3,1
2024-03-04,L4,C,96.0,3,1
2024-03-04,L5,E,120.0,3,1
2024-03-04,L6,F,57.0,3,1
2024-03-04,L7,F,119.0,3,1
2024-03-05,L1,A,3.0,3,1
2024-03-05,L1,B,104.0,3,1
2024-03-05,L2,A,63.0,3,1
2024-03-05,L3,D,96.0,3,1
2024-03-05,L4,C,26.0,3,1
2024-03-05,L5,C,56.0,3,1
2024-03-05,L5,E,39.0,3,1
2024-03-05,L6,F,55.0,3,1
2024-03-05,L7,D,132.0,3,1
2024-03-06,L1,A,18.0,3,1
2024-03-06,L3,D,96.0,3,1
2024-03-06,L6,F,60.0,3,1
2024-03-06,L7,D,1.0,3,1
2024-03-07,L1,B,1.0,3,1
2024-03-07,L3,D,1.0,3,1
2024-03-07,L4,C,62.0,3,1
2024-03-07,L5,C,120.0,3,1
2024-03-08,L1,A,18.0,3,1
2024-03-08,L1,B,122.0,3,1
2024-03-08,L2,A,69.0,3,1
2024-03-08,L3,D,96.0,3,1
2024-03-08,L4,C,96.0,3,1
2024-03-08,L5,E,120.0,3,1
2024-03-08,L6,F,60.0,3,1
2024-03-08,L7,D,62.0,3,1
2024-03-08,L7,F,68.0,3,1
2024-03-09,L1,A,133.0,3,1
2024-03-09,L1,B,7.0,3,1
2024-03-09,L3,D,96.0,3,1
2024-03-09,L4,E,96.0,3,1
2024-03-09,L5,C,120.0,3,1
2024-03-09,L6,F,60.0,3,1
2024-03-09,L7,D,64.0,3,1
2024-03-10,L1,B,132.0,3,1
2024-03-10,L2,A,4.0,3,1
2024-03-10,L3,D,14.0,3,1
2024-03-10,L4,E,56.0,3,1
2024-03-10,L5,C,110.0,3,1
2024-03-10,L6,F,57.0,3,1
2024-03-10,L7,D,67.0,3,1
2024-03-11,L1,B,140.0,3,1
2024-03-11,L2,A,60.0,3,1
2024-03-11,L3,D,96.0,3,1
2024-03-11,L4,C,96.0,3,1
2024-03-11,L5,E,120.0,3,1
2024-03-11,L6,F,60.0,3,1
2024-03-11,L7,F,116.0,3,1
2024-03-12,L1,A,3.0,3,1
2024-03-12,L1,B,100.0,3,1
2024-03-12,L2,A,69.0,3,1
2024-03-12,L3,D,96.0,3,1
2024-03-12,L4,C,24.0,3,1
2024-03-12,L5,C,51.0,3,1
2024-03-12,L5,E,42.0,3,1
2024-03-12,L6,F,50.0,3,1
2024-03-12,L7,D,132.0,3,1
2024-03-13,L1,A,19.0,3,1
2024-03-13,L3,D,90.0,3,1
2024-03-13,L6,F,60.0,3,1
2024-03-13,L7,D,1.0,3,1
2024-03-15,L1,A,19.0,3,1
2024-03-15,L1,B,120.0,3,1
2024-03-15,L2,A,75.0,3,1
2024-03-15,L3,D,88.0,3,1
2024-03-15,L4,C,96.0,3,1
2024-03-15,L5,E,120.0,3,1
2024-03-15,L6,F,60.0,3,1
2024-03-15,L7,D,68.0,3,1
2024-03-15,L7,F,62.0,3,1
2024-03-16,L1,A,132.0,3,1
2024-03-16,L1,B,7.0,3,1
2024-03-16,L3,D,92.0,3,1
2024-03-16,L4,E,96.0,3,1
2024-03-16,L5,C,120.0,3,1
2024-03-16,L6,F,60.0,3,1
2024-03-16,L7,D,58.0,3,1
2024-03-17,L1,B,128.0,3,1
2024-03-17,L2,A,4.0,3,1
2024-03-17,L3,D,15.0,3,1
2024-03-17,L4,E,61.0,3,1
2024-03-17,L5,C,120.0,3,1
2024-03-17,L6,F,60.0,3,1
2024-03-17,L7,D,61.0,3,1
2024-03-18,L1,B,140.0,3,1
2024-03-18,L2,A,66.0,3,1
2024-03-18,L3,D,90.0,3,1
2024-03-18,L4,C,96.0,3,1
2024-03-18,L5,E,120.0,3,1
2024-03-18,L6,F,60.0,3,1
2024-03-18,L7,F,127.0,3,1
2024-03-19,L1,A,3.0,3,1
2024-03-19,L1,B,110.0,3,1
2024-03-19,L2,A,75.0,3,1
2024-03-19,L3,D,96.0,3,1
2024-03-19,L4,C,22.0,3,1
2024-03-19,L5,C,56.0,3,1
2024-03-19,L5,E,46.0,3,1
2024-03-19,L6,F,45.0,3,1
2024-03-19,L7,D,132.0,3,1
2024-03-21,L1,B,140.0,3,1
2024-03-21,L3,D,96.0,3,1
2024-03-21,L4,E,81.0,3,1
2024-03-21,L5,C,120.0,3,1
2024-03-21,L6,F,47.0,3,1
2024-03-21,L7,F,120.0,3,1
2024-03-22,L1,A,20.0,3,1
2024-03-22,L1,B,120.0,3,1
2024-03-22,L2,A,75.0,3,1
2024-03-22,L3,D,96.0,3,1
2024-03-22,L4,C,96.0,3,1
2024-03-22,L5,E,120.0,3,1
2024-03-22,L6,F,60.0,3,1
2024-03-22,L7,D,73.0,3,1
2024-03-22,L7,F,56.0,3,1
2024-03-23,L1,A,133.0,3,1
2024-03-23,L1,B,7.0,3,1
2024-03-23,L3,D,83.0,3,1
2024-03-23,L4,E,96.0,3,1
2024-03-23,L5,C,120.0,3,1
2024-03-23,L6,F,60.0,3,1
2024-03-23,L7,D,53.0,3,1
2024-03-24,L1,B,140.0,3,1
2024-03-24,L2,A,4.0,3,1
2024-03-24,L3,D,16.0,3,1
2024-03-24,L4,E,67.0,3,1
2024-03-24,L5,C,120.0,3,1
2024-03-24,L6,F,60.0,3,1
2024-03-24,L7,D,55.0,3,1
2024-03-25,L1,B,140.0,3,1
2024-03-25,L2,A,69.0,3,1
2024-03-25,L3,D,81.0,3,1
2024-03-25,L4,C,96.0,3,1
2024-03-25,L5,E,120.0,3,1
2024-03-25,L6,F,60.0,3,1
2024-03-25,L7,F,115.0,3,1
2024-03-26,L1,A,3.0,3,1
2024-03-26,L1,B,121.0,3,1
2024-03-26,L2,A,75.0,3,1
2024-03-26,L3,D,96.0,3,1
2024-03-26,L4,C,20.0,3,1
2024-03-26,L5,C,51.0,3,1
2024-03-26,L5,E,50.0,3,1
2024-03-26,L6,F,41.0,3,1
2024-03-26,L7,D,120.0,3,1
2024-03-27,L1,B,135.0,3,1
2024-03-27,L2,A,72.0,3,1
2024-03-27,L4,C,92.0,3,1
2024-03-27,L5,C,84.0,3,1
2024-03-27,L5,E,10.0,3,1
2024-03-27,L6,F,28.0,3,1
2024-03-27,L7,D,127.0,3,1
2024-03-28,L1,B,140.0,3,1
2024-03-28,L3,D,96.0,3,1
2024-03-28,L4,E,88.0,3,1
2024-03-28,L5,C,120.0,3,1
2024-03-28,L6,F,51.0,3,1
2024-03-28,L7,F,132.0,3,1
2024-03-29,L1,A,22.0,3,1
2024-03-29,L1,B,112.0,3,1
2024-03-29,L2,A,75.0,3,1
2024-03-29,L3,D,96.0,3,1
2024-03-29,L4,C,96.0,3,1
2024-03-29,L5,E,120.0,3,1
2024-03-29,L6,F,60.0,3,1
2024-03-29,L7,D,73.0,3,1
2024-03-29,L7,F,51.0,3,1
2024-03-30,L1,A,133.0,3,1
2024-03-30,L1,B,7.0,3,1
2024-03-30,L3,D,75.0,3,1
2024-03-30,L4,E,88.0,3,1
2024-03-30,L5,C,120.0,3,1
2024-03-30,L6,F,55.0,3,1
2024-03-30,L7,D,50.0,3,1
2024-03-31,L1,B,140.0,3,1
2024-03-31,L2,A,4.0,3,1
2024-03-31,L3,D,17.0,3,1
2024-03-31,L4,E,73.0,3,1
2024-03-31,L5,C,120.0,3,1
2024-03-31,L6,F,54.0,3,1
2024-03-31,L7,D,50.0,3,1
2024-04-01,L1,B,140.0,4,2
2024-04-01,L2,A,75.0,4,2
2024-04-01,L3,D,73.0,4,2
2024-04-01,L4,C,96.0,4,2
2024-04-01,L5,E,120.0,4,2
2024-04-01,L6,F,60.0,4,2
2024-04-01,L7,F,104.0,4,2
2024-04-02,L1,A,3.0,4,2
2024-04-02,L1,B,133.0,4,2
2024-04-02,L2,A,75.0,4,2
2024-04-02,L3,D,87.0,4,2
2024-04-02,L4,C,18.0,4,2
2024-04-02,L5,C,46.0,4,2
2024-04-02,L5,E,55.0,4,2
2024-04-02,L6,F,37.0,4,2
2024-04-02,L7,D,108.0,4,2
2024-04-03,L1,B,122.0,4,2
2024-04-03,L2,A,65.0,4,2
2024-04-03,L4,C,83.0,4,2
2024-04-03,L5,C,76.0,4,2
2024-04-03,L5,E,10.0,4,2
2024-04-03,L6,F,30.0,4,2
2024-04-03,L7,D,115.0,4,2
2024-04-04,L1,B,140.0,4,2
2024-04-04,L3,D,87.0,4,2
2024-04-04,L4,E,96.0,4,2
2024-04-04,L5,C,120.0,4,2
2024-04-04,L6,F,52.0,4,2
2024-04-04,L7,F,119.0,4,2
2024-04-05,L1,A,24.0,4,2
2024-04-05,L1,B,113.0,4,2
2024-04-05,L2,A,75.0,4,2
2024-04-05,L3,D,87.0,4,2
2024-04-05,L4,C,96.0,4,2
2024-04-05,L5,E,120.0,4,2
2024-04-05,L6,F,60.0,4,2
2024-04-05,L7,D,66.0,4,2
2024-04-05,L7,F,46.0,4,2
2024-04-06,L1,A,133.0,4,2
2024-04-06,L1,B,7.0,4,2
2024-04-06,L3,D,68.0,4,2
2024-04-06,L4,E,96.0,4,2
2024-04-06,L5,C,120.0,4,2
2024-04-06,L6,F,60.0,4,2
2024-04-06,L7,D,45.0,4,2
2024-04-07,L1,B,140.0,4,2
2024-04-07,L2,A,4.0,4,2
2024-04-07,L3,D,18.0,4,2
2024-04-07,L4,E,80.0,4,2
2024-04-07,L5,C,120.0,4,2
2024-04-07,L6,F,49.0,4,2
2024-04-07,L7,D,45.0,4,2
2024-04-08,L1,B,140.0,4,2
2024-04-08,L2,A,75.0,4,2
2024-04-08,L3,D,66.0,4,2
2024-04-08,L4,C,96.0,4,2
2024-04-08,L5,E,120.0,4,2
2024-04-08,L6,F,60.0,4,2
2024-04-08,L7,F,100.0,4,2
2024-04-09,L1,A,3.0,4,2
2024-04-09,L1,B,137.0,4,2
2024-04-09,L2,A,75.0,4,2
2024-04-09,L3,D,81.0,4,2
2024-04-09,L4,C,17.0,4,2
2024-04-09,L5,C,50.0,4,2
2024-04-09,L5,E,60.0,4,2
2024-04-09,L6,F,34.0,4,2
2024-04-09,L7,D,98.0,4,2
2024-04-10,L1,B,134.0,4,2
2024-04-10,L2,A,71.0,4,2
2024-04-10,L4,C,88.0,4,2
2024-04-10,L5,C,69.0,4,2
2024-04-10,L5,E,9.0,4,2
2024-04-10,L6,F,33.0,4,2
2024-04-10,L7,D,104.0,4,2
2024-04-11,L1,B,140.0,4,2
2024-04-11,L3,D,79.0,4,2
2024-04-11,L4,E,96.0,4,2
2024-04-11,L5,C,120.0,4,2
2024-04-11,L6,F,47.0,4,2
2024-04-11,L7,F,108.0,4,2
2024-04-12,L1,A,26.0,4,2
2024-04-12,L1,B,102.0,4,2
2024-04-12,L2,A,69.0,4,2
2024-04-12,L3,D,79.0,4,2
2024-04-12,L4,C,96.0,4,2
2024-04-12,L5,E,120.0,4,2
2024-04-12,L6,F,60.0,4,2
2024-04-12,L7,D,64.0,4,2
2024-04-12,L7,F,42.0,4,2
2024-04-13,L1,A,129.0,4,2
2024-04-13,L1,B,7.0,4,2
2024-04-13,L3,D,62.0,4,2
2024-04-13,L4,E,96.0,4,2
2024-04-13,L5,C,120.0,4,2
2024-04-13,L6,F,54.0,4,2
2024-04-13,L7,D,49.0,4,2
2024-04-14,L1,B,140.0,4,2
2024-04-14,L2,A,4.0,4,2
2024-04-14,L3,D,19.0,4,2
2024-04-14,L4,E,88.0,4,2
2024-04-14,L5,C,120.0,4,2
2024-04-14,L6,F,46.0,4,2
2024-04-14,L7,D,41.0,4,2
2024-04-15,L1,B,140.0,4,2
2024-04-15,L2,A,69.0,4,2
2024-04-15,L3,D,60.0,4,2
2024-04-15,L4,C,96.0,4,2
2024-04-15,L5,E,120.0,4,2
2024-04-15,L6,F,55.0,4,2
2024-04-15,L7,F,110.0,4,2
2024-04-17,L1,B,140.0,4,2
2024-04-17,L2,A,75.0,4,2
2024-04-17,L4,C,96.0,4,2
2024-04-17,L5,C,63.0,4,2
2024-04-17,L5,E,9.0,4,2
2024-04-17,L6,F,36.0,4,2
2024-04-17,L7,D,110.0,4,2
2024-04-18,L1,B,140.0,4,2
2024-04-18,L3,D,80.0,4,2
2024-04-18,L4,E,96.0,4,2
2024-04-18,L5,C,120.0,4,2
2024-04-18,L6,F,51.0,4,2
2024-04-18,L7,F,100.0,4,2
2024-04-19,L1,A,28.0,4,2
2024-04-19,L1,B,92.0,4,2
2024-04-19,L2,A,75.0,4,2
2024-04-19,L3,D,72.0,4,2
2024-04-19,L4,C,87.0,4,2
2024-04-19,L5,E,120.0,4,2
2024-04-19,L6,F,54.0,4,2
2024-04-19,L7,D,70.0,4,2
2024-04-19,L7,F,38.0,4,2
2024-04-20,L1,A,121.0,4,2
2024-04-20,L1,B,7.0,4,2
2024-04-20,L3,D,68.0,4,2
2024-04-20,L4,E,96.0,4,2
2024-04-20,L5,C,120.0,4,2
2024-04-20,L6,F,52.0,4,2
2024-04-20,L7,D,53.0,4,2
2024-04-21,L1,B,140.0,4,2
2024-04-21,L2,A,4.0,4,2
2024-04-21,L3,D,20.0,4,2
2024-04-21,L4,E,96.0,4,2
2024-04-21,L5,C,120.0,4,2
2024-04-21,L6,F,50.0,4,2
2024-04-21,L7,D,38.0,4,2
2024-04-22,L1,B,140.0,4,2
2024-04-22,L2,A,75.0,4,2
2024-04-22,L3,D,60.0,4,2
2024-04-22,L4,C,96.0,4,2
2024-04-22,L5,E,120.0,4,2
2024-04-22,L6,F,60.0,4,2
2024-04-22,L7,F,121.0,4,2
2024-04-23,L1,A,104.0,4,2
2024-04-23,L2,A,75.0,4,2
2024-04-24,L1,B,140.0,4,2
2024-04-24,L2,A,75.0,4,2
2024-04-24,L4,C,96.0,4,2
2024-04-24,L5,C,58.0,4,2
2024-04-24,L5,E,9.0,4,2
2024-04-24,L6,F,38.0,4,2
2024-04-24,L7,D,120.0,4,2
2024-04-25,L1,B,140.0,4,2
2024-04-25,L3,D,88.0,4,2
2024-04-25,L4,E,90.0,4,2
2024-04-25,L5,C,120.0,4,2
2024-04-25,L6,F,55.0,4,2
2024-04-25,L7,F,110.0,4,2
2024-04-26,L1,A,30.0,4,2
2024-04-26,L1,B,86.0,4,2
2024-04-26,L2,A,68.0,4,2
2024-04-26,L3,D,77.0,4,2
2024-04-26,L4,C,80.0,4,2
2024-04-26,L5,E,109.0,4,2
2024-04-26,L6,F,55.0,4,2
2024-04-26,L7,D,76.0,4,2
2024-04-26,L7,F,35.0,4,2
2024-04-27,L1,A,133.0,4,2
2024-04-27,L1,B,7.0,4,2
2024-04-27,L3,D,74.0,4,2
2024-04-27,L4,E,96.0,4,2
2024-04-27,L5,C,120.0,4,2
2024-04-27,L6,F,57.0,4,2
2024-04-27,L7,D,58.0,4,2
2024-04-28,L1,B,140.0,4,2
2024-04-28,L2,A,4.0,4,2
2024-04-28,L3,D,22.0,4,2
2024-04-28,L4,E,96.0,4,2
2024-04-28,L5,C,120.0,4,2
2024-04-28,L6,F,55.0,4,2
2024-04-28,L7,D,40.0,4,2
2024-04-29,L1,B,140.0,4,2
2024-04-29,L2,A,75.0,4,2
2024-04-29,L3,D,66.0,4,2
2024-04-29,L4,C,96.0,4,2
2024-04-29,L5,E,120.0,4,2
2024-04-29,L6,F,60.0,4,2
2024-04-29,L7,F,132.0,4,2
2024-05-01,L1,B,140.0,5,2
2024-05-01,L2,A,75.0,5,2
2024-05-01,L4,C,96.0,5,2
2024-05-01,L5,C,63.0,5,2
2024-05-01,L5,E,9.0,5,2
2024-05-01,L6,F,41.0,5,2
2024-05-01,L7,D,132.0,5,2
2024-05-02,L1,B,133.0,5,2
2024-05-02,L3,D,96.0,5,2
2024-05-02,L4,E,81.0,5,2
2024-05-02,L5,C,120.0,5,2
2024-05-02,L6,F,60.0,5,2
2024-05-02,L7,F,120.0,5,2
2024-05-03,L1,A,33.0,5,2
2024-05-03,L1,B,78.0,5,2
2024-05-03,L2,A,65.0,5,2
2024-05-03,L3,D,84.0,5,2
2024-05-03,L4,C,84.0,5,2
2024-05-03,L5,E,105.0,5,2
2024-05-03,L6,F,52.0,5,2
2024-05-03,L7,D,83.0,5,2
2024-05-03,L7,F,32.0,5,2
2024-05-04,L1,A,133.0,5,2
2024-05-04,L1,B,7.0,5,2
2024-05-04,L3,D,81.0,5,2
2024-05-04,L4,E,96.0,5,2
2024-05-04,L5,C,120.0,5,2
2024-05-04,L6,F,59.0,5,2
2024-05-04,L7,D,63.0,5,2
2024-05-05,L1,B,140.0,5,2
2024-05-05,L2,A,4.0,5,2
2024-05-05,L3,D,24.0,5,2
2024-05-05,L4,E,96.0,5,2
2024-05-05,L5,C,120.0,5,2
2024-05-05,L6,F,60.0,5,2
2024-05-05,L7,D,44.0,5,2
2024-05-06,L1,B,140.0,5,2
2024-05-06,L2,A,75.0,5,2
2024-05-06,L3,D,72.0,5,2
2024-05-06,L4,C,96.0,5,2
2024-05-06,L5,E,120.0,5,2
2024-05-06,L6,F,60.0,5,2
2024-05-06,L7,F,132.0,5,2
2024-05-07,L1,B,140.0,5,2
2024-05-07,L2,A,74.0,5,2
2024-05-07,L4,E,96.0,5,2
2024-05-07,L5,C,120.0,5,2
2024-05-07,L6,F,60.0,5,2
2024-05-07,L7,F,132.0,5,2
2024-05-08,L1,B,140.0,5,2
2024-05-08,L2,A,75.0,5,2
2024-05-08,L4,C,96.0,5,2
2024-05-08,L5,C,63.0,5,2
2024-05-08,L5,E,9.0,5,2
2024-05-08,L6,F,38.0,5,2
2024-05-08,L7,D,132.0,5,2
2024-05-09,L1,B,140.0,5,2
2024-05-09,L3,D,96.0,5,2
2024-05-09,L4,E,73.0,5,2
2024-05-09,L5,C,120.0,5,2
2024-05-09,L6,F,60.0,5,2
2024-05-09,L7,F,132.0,5,2
2024-05-10,L1,A,36.0,5,2
2024-05-10,L1,B,73.0,5,2
2024-05-10,L2,A,71.0,5,2
2024-05-10,L3,D,92.0,5,2
2024-05-10,L4,C,92.0,5,2
2024-05-10,L5,E,115.0,5,2
2024-05-10,L6,F,57.0,5,2
2024-05-10,L7,D,91.0,5,2
2024-05-10,L7,F,31.0,5,2
2024-05-11,L1,A,133.0,5,2
2024-05-11,L1,B,7.0,5,2
2024-05-11,L3,D,89.0,5,2
2024-05-11,L4,E,96.0,5,2
2024-05-11,L5,C,120.0,5,2
2024-05-11,L6,F,55.0,5,2
2024-05-11,L7,D,69.0,5,2
2024-05-12,L1,B,138.0,5,2
2024-05-12,L2,A,4.0,5,2
2024-05-12,L3,D,26.0,5,2
2024-05-12,L4,E,96.0,5,2
2024-05-12,L5,C,120.0,5,2
2024-05-12,L6,F,60.0,5,2
2024-05-12,L7,D,42.0,5,2
2024-05-13,L1,B,134.0,5,2
2024-05-13,L2,A,75.0,5,2
2024-05-13,L3,D,79.0,5,2
2024-05-13,L4,C,96.0,5,2
2024-05-13,L5,E,120.0,5,2
2024-05-13,L6,F,60.0,5,2
2024-05-13,L7,F,132.0,5,2
2024-05-17,L1,A,36.0,5,2
2024-05-17,L1,B,80.0,5,2
2024-05-17,L2,A,75.0,5,2
2024-05-17,L3,D,96.0,5,2
2024-05-17,L4,C,96.0,5,2
2024-05-17,L5,E,120.0,5,2
2024-05-17,L6,F,60.0,5,2
2024-05-17,L7,D,100.0,5,2
2024-05-17,L7,F,28.0,5,2
2024-05-18,L1,A,133.0,5,2
2024-05-18,L1,B,7.0,5,2
2024-05-18,L3,D,96.0,5,2
2024-05-18,L4,E,96.0,5,2
2024-05-18,L5,C,120.0,5,2
2024-05-18,L6,F,60.0,5,2
2024-05-18,L7,D,74.0,5,2
2024-05-20,L1,B,138.0,5,2
2024-05-20,L2,A,75.0,5,2
2024-05-20,L3,D,86.0,5,2
2024-05-20,L4,C,96.0,5,2
2024-05-20,L5,E,120.0,5,2
2024-05-20,L6,F,60.0,5,2
2024-05-20,L7,F,132.0,5,2
2024-05-21,L1,B,140.0,5,2
2024-05-21,L2,A,18.0,5,2
2024-05-21,L4,C,96.0,5,2
2024-05-21,L5,E,120.0,5,2
2024-05-21,L6,F,29.0,5,2
2024-05-21,L7,D,19.0,5,2
2024-05-22,L1,B,140.0,5,2
2024-05-22,L2,A,75.0,5,2
2024-05-22,L5,C,120.0,5,2
2024-05-23,L1,B,140.0,5,2
2024-05-23,L4,E,96.0,5,2
2024-05-24,L1,A,33.0,5,2
2024-05-24,L1,B,88.0,5,2
2024-05-24,L2,A,75.0,5,2
2024-05-24,L3,D,96.0,5,2
2024-05-24,L4,C,96.0,5,2
2024-05-24,L5,E,120.0,5,2
2024-05-24,L6,F,60.0,5,2
2024-05-24,L7,D,106.0,5,2
2024-05-24,L7,F,26.0,5,2
2024-05-25,L1,A,133.0,5,2
2024-05-25,L1,B,7.0,5,2
2024-05-25,L3,D,96.0,5,2
2024-05-25,L4,E,96.0,5,2
2024-05-25,L5,C,120.0,5,2
2024-05-25,L6,F,60.0,5,2
2024-05-25,L7,D,67.0,5,2
2024-05-26,L1,B,140.0,5,2
2024-05-26,L2,A,75.0,5,2
2024-05-26,L4,C,89.0,5,2
2024-05-26,L5,E,29.0,5,2
2024-05-26,L6,F,60.0,5,2
2024-05-26,L7,F,132.0,5,2
2024-05-27,L1,B,134.0,5,2
2024-05-27,L2,A,71.0,5,2
2024-05-27,L3,D,93.0,5,2
2024-05-27,L4,C,93.0,5,2
2024-05-27,L5,E,116.0,5,2
2024-05-27,L6,F,57.0,5,2
2024-05-27,L7,F,127.0,5,2
2024-05-28,L1,B,140.0,5,2
2024-05-28,L2,A,17.0,5,2
2024-05-28,L4,C,96.0,5,2
2024-05-28,L5,E,117.0,5,2
2024-05-28,L6,F,31.0,5,2
2024-05-28,L7,D,18.0,5,2
2024-05-29,L1,B,138.0,5,2
2024-05-29,L2,A,75.0,5,2
2024-05-29,L5,C,120.0,5,2
2024-05-30,L1,B,140.0,5,2
2024-05-30,L4,E,96.0,5,2
2024-05-31,L1,A,30.0,5,2
2024-05-31,L1,B,96.0,5,2
2024-05-31,L2,A,75.0,5,2
2024-05-31,L3,D,96.0,5,2
2024-05-31,L4,C,96.0,5,2
2024-05-31,L5,E,120.0,5,2
2024-05-31,L6,F,56.0,5,2
2024-05-31,L7,D,101.0,5,2
2024-05-31,L7,F,24.0,5,2
2024-06-01,L1,A,133.0,6,2
2024-06-01,L1,B,7.0,6,2
2024-06-01,L3,D,88.0,6,2
2024-06-01,L4,E,96.0,6,2
2024-06-01,L5,C,110.0,6,2
2024-06-01,L6,F,55.0,6,2
2024-06-01,L7,D,61.0,6,2
2024-06-02,L1,B,140.0,6,2
2024-06-02,L2,A,68.0,6,2
2024-06-02,L4,C,96.0,6,2
2024-06-02,L5,E,31.0,6,2
2024-06-02,L6,F,60.0,6,2
2024-06-02,L7,F,132.0,6,2
2024-06-03,L1,B,121.0,6,2
2024-06-03,L2,A,65.0,6,2
2024-06-03,L3,D,84.0,6,2
2024-06-03,L4,C,84.0,6,2
2024-06-03,L5,E,105.0,6,2
2024-06-03,L6,F,52.0,6,2
2024-06-03,L7,F,115.0,6,2
2024-06-04,L1,B,140.0,6,2
2024-06-04,L2,A,16.0,6,2
2024-06-04,L4,C,96.0,6,2
2024-06-04,L5,E,120.0,6,2
2024-06-04,L6,F,28.0,6,2
2024-06-04,L7,D,19.0,6,2
2024-06-05,L1,B,140.0,6,2
2024-06-05,L2,A,75.0,6,2
2024-06-05,L5,C,120.0,6,2
2024-06-06,L1,B,140.0,6,2
2024-06-06,L4,E,96.0,6,2
2024-06-07,L1,A,27.0,6,2
2024-06-07,L1,B,105.0,6,2
2024-06-07,L2,A,75.0,6,2
2024-06-07,L3,D,87.0,6,2
2024-06-07,L4,C,96.0,6,2
2024-06-07,L5,E,120.0,6,2
2024-06-07,L6,F,51.0,6,2
2024-06-07,L7,D,91.0,6,2
2024-06-07,L7,F,22.0,6,2
2024-06-08,L1,A,125.0,6,2
2024-06-08,L1,B,7.0,6,2
2024-06-08,L3,D,96.0,6,2
2024-06-08,L4,E,96.0,6,2
2024-06-08,L5,C,120.0,6,2
2024-06-08,L6,F,60.0,6,2
2024-06-08,L7,D,55.0,6,2
2024-06-09,L1,B,140.0,6,2
2024-06-09,L2,A,74.0,6,2
2024-06-09,L4,C,96.0,6,2
2024-06-09,L5,E,34.0,6,2
2024-06-09,L6,F,55.0,6,2
2024-06-09,L7,F,132.0,6,2
2024-06-10,L1,B,127.0,6,2
2024-06-10,L2,A,71.0,6,2
2024-06-10,L3,D,90.0,6,2
2024-06-10,L4,C,92.0,6,2
2024-06-10,L5,E,115.0,6,2
2024-06-10,L6,F,55.0,6,2
2024-06-10,L7,F,126.0,6,2
2024-06-14,L1,A,25.0,6,2
2024-06-14,L1,B,114.0,6,2
2024-06-14,L2,A,75.0,6,2
2024-06-14,L3,D,80.0,6,2
2024-06-14,L4,C,96.0,6,2
2024-06-14,L5,E,120.0,6,2
2024-06-14,L6,F,46.0,6,2
2024-06-14,L7,D,88.0,6,2
2024-06-14,L7,F,20.0,6,2
2024-06-15,L1,A,113.0,6,2
2024-06-15,L1,B,7.0,6,2
2024-06-15,L3,D,96.0,6,2
2024-06-15,L4,E,96.0,6,2
2024-06-15,L5,C,120.0,6,2
2024-06-15,L6,F,60.0,6,2
2024-06-15,L7,D,50.0,6,2
2024-06-16,L1,B,140.0,6,2
2024-06-16,L2,A,75.0,6,2
2024-06-16,L4,C,96.0,6,2
2024-06-16,L5,E,37.0,6,2
2024-06-16,L6,F,60.0,6,2
2024-06-16,L7,F,132.0,6,2
2024-06-17,L1,B,139.0,6,2
2024-06-17,L2,A,75.0,6,2
2024-06-17,L3,D,96.0,6,2
2024-06-17,L4,C,96.0,6,2
2024-06-17,L5,E,120.0,6,2
2024-06-17,L6,F,60.0,6,2
2024-06-17,L7,F,120.0,6,2
2024-06-18,L1,B,140.0,6,2
2024-06-18,L2,A,75.0,6,2
2024-06-18,L3,D,52.0,6,2
2024-06-18,L4,E,96.0,6,2
2024-06-18,L5,C,119.0,6,2
2024-06-18,L5,E,1.0,6,2
2024-06-18,L7,D,132.0,6,2
2024-06-19,L1,B,140.0,6,2
2024-06-19,L4,C,72.0,6,2
2024-06-19,L4,E,6.0,6,2
2024-06-19,L5,C,64.0,6,2
2024-06-19,L6,F,52.0,6,2
2024-06-19,L7,D,132.0,6,2
2024-06-20,L1,B,140.0,6,2
2024-06-20,L4,E,96.0,6,2
2024-06-20,L5,C,120.0,6,2
2024-06-20,L7,F,132.0,6,2
2024-06-21,L1,A,23.0,6,2
2024-06-21,L1,B,117.0,6,2
2024-06-21,L2,A,75.0,6,2
2024-06-21,L3,D,88.0,6,2
2024-06-21,L4,C,96.0,6,2
2024-06-21,L5,E,120.0,6,2
2024-06-21,L6,F,50.0,6,2
2024-06-21,L7,D,92.0,6,2
2024-06-21,L7,F,18.0,6,2
2024-06-22,L1,A,102.0,6,2
2024-06-22,L1,B,7.0,6,2
2024-06-22,L3,D,88.0,6,2
2024-06-22,L4,E,96.0,6,2
2024-06-22,L5,C,120.0,6,2
2024-06-22,L6,F,54.0,6,2
2024-06-22,L7,D,48.0,6,2
2024-06-23,L1,B,140.0,6,2
2024-06-23,L2,A,75.0,6,2
2024-06-23,L4,C,96.0,6,2
2024-06-23,L5,E,38.0,6,2
2024-06-23,L6,F,60.0,6,2
2024-06-23,L7,F,132.0,6,2
2024-06-24,L1,B,140.0,6,2
2024-06-24,L2,A,75.0,6,2
2024-06-24,L3,D,96.0,6,2
2024-06-24,L4,C,96.0,6,2
2024-06-24,L5,E,120.0,6,2
2024-06-24,L6,F,60.0,6,2
2024-06-24,L7,F,132.0,6,2
2024-06-25,L1,B,140.0,6,2
2024-06-25,L2,A,75.0,6,2
2024-06-25,L3,D,57.0,6,2
2024-06-25,L4,E,96.0,6,2
2024-06-25,L5,C,109.0,6,2
2024-06-25,L5,E,1.0,6,2
2024-06-25,L7,D,132.0,6,2
2024-06-26,L1,B,135.0,6,2
2024-06-26,L4,C,65.0,6,2
2024-06-26,L4,E,6.0,6,2
2024-06-26,L5,C,70.0,6,2
2024-06-26,L6,F,57.0,6,2
2024-06-26,L7,D,127.0,6,2
2024-06-27,L1,B,140.0,6,2
2024-06-27,L4,E,96.0,6,2
2024-06-27,L5,C,120.0,6,2
2024-06-27,L7,F,132.0,6,2
2024-06-28,L1,A,21.0,6,2
2024-06-28,L1,B,115.0,6,2
2024-06-28,L2,A,75.0,6,2
2024-06-28,L3,D,96.0,6,2
2024-06-28,L4,C,96.0,6,2
2024-06-28,L5,E,120.0,6,2
2024-06-28,L6,F,55.0,6,2
2024-06-28,L7,D,83.0,6,2
2024-06-28,L7,F,17.0,6,2
2024-06-29,L1,A,92.0,6,2
2024-06-29,L1,B,7.0,6,2
2024-06-29,L3,D,96.0,6,2
2024-06-29,L4,E,96.0,6,2
2024-06-29,L5,C,120.0,6,2
2024-06-29,L6,F,49.0,6,2
2024-06-29,L7,D,45.0,6,2
2024-07-01,L1,B,126.0,7,3
2024-07-01,L2,A,75.0,7,3
2024-07-01,L3,D,96.0,7,3
2024-07-01,L4,C,96.0,7,3
2024-07-01,L5,E,120.0,7,3
2024-07-01,L6,F,54.0,7,3
2024-07-01,L7,F,132.0,7,3
2024-07-02,L1,B,126.0,7,3
2024-07-02,L2,A,75.0,7,3
2024-07-02,L3,D,62.0,7,3
2024-07-02,L4,E,96.0,7,3
2024-07-02,L5,C,119.0,7,3
2024-07-02,L5,E,1.0,7,3
2024-07-02,L7,D,132.0,7,3
2024-07-03,L1,B,122.0,7,3
2024-07-03,L4,C,59.0,7,3
2024-07-03,L4,E,6.0,7,3
2024-07-03,L5,C,76.0,7,3
2024-07-03,L6,F,52.0,7,3
2024-07-03,L7,D,115.0,7,3
2024-07-04,L1,B,140.0,7,3
2024-07-04,L4,E,96.0,7,3
2024-07-04,L5,C,120.0,7,3
2024-07-04,L7,F,132.0,7,3
2024-07-05,L1,A,19.0,7,3
2024-07-05,L1,B,104.0,7,3
2024-07-05,L2,A,69.0,7,3
2024-07-05,L3,D,87.0,7,3
2024-07-05,L4,C,96.0,7,3
2024-07-05,L5,E,120.0,7,3
2024-07-05,L6,F,60.0,7,3
2024-07-05,L7,D,90.0,7,3
2024-07-05,L7,F,16.0,7,3
2024-07-06,L1,A,83.0,7,3
2024-07-06,L1,B,7.0,7,3
2024-07-06,L3,D,88.0,7,3
2024-07-06,L4,E,96.0,7,3
2024-07-06,L5,C,120.0,7,3
2024-07-06,L6,F,45.0,7,3
2024-07-06,L7,D,48.0,7,3
2024-07-07,L1,A,122.0,7,3
2024-07-07,L1,B,18.0,7,3
2024-07-07,L3,D,60.0,7,3
2024-07-07,L4,C,96.0,7,3
2024-07-07,L5,E,120.0,7,3
2024-07-07,L6,F,55.0,7,3
2024-07-07,L7,F,132.0,7,3
2024-07-08,L1,B,114.0,7,3
2024-07-08,L2,A,75.0,7,3
2024-07-08,L3,D,88.0,7,3
2024-07-08,L4,C,96.0,7,3
2024-07-08,L5,E,120.0,7,3
2024-07-08,L6,F,55.0,7,3
2024-07-08,L7,F,132.0,7,3
2024-07-09,L1,B,114.0,7,3
2024-07-09,L2,A,68.0,7,3
2024-07-09,L3,D,68.0,7,3
2024-07-09,L4,E,96.0,7,3
2024-07-09,L5,C,119.0,7,3
2024-07-09,L5,E,1.0,7,3
2024-07-09,L7,D,132.0,7,3
2024-07-10,L1,B,134.0,7,3
2024-07-10,L4,C,61.0,7,3
2024-07-10,L4,E,6.0,7,3
2024-07-10,L5,C,83.0,7,3
2024-07-10,L6,F,55.0,7,3
2024-07-10,L7,D,121.0,7,3
2024-07-11,L1,B,140.0,7,3
2024-07-11,L4,E,96.0,7,3
2024-07-11,L5,C,120.0,7,3
2024-07-11,L7,F,132.0,7,3
2024-07-12,L1,A,18.0,7,3
2024-07-12,L1,B,94.0,7,3
2024-07-12,L2,A,75.0,7,3
2024-07-12,L3,D,88.0,7,3
2024-07-12,L4,C,96.0,7,3
2024-07-12,L5,E,120.0,7,3
2024-07-12,L6,F,54.0,7,3
2024-07-12,L7,D,99.0,7,3
2024-07-12,L7,F,15.0,7,3
2024-07-13,L1,A,75.0,7,3
2024-07-13,L1,B,7.0,7,3
2024-07-13,L3,D,96.0,7,3
2024-07-13,L4,E,96.0,7,3
2024-07-13,L5,C,120.0,7,3
2024-07-13,L6,F,48.0,7,3
2024-07-13,L7,D,52.0,7,3
2024-07-14,L1,A,120.0,7,3
2024-07-14,L1,B,19.0,7,3
2024-07-14,L3,D,66.0,7,3
2024-07-14,L4,C,96.0,7,3
2024-07-14,L5,E,120.0,7,3
2024-07-14,L6,F,60.0,7,3
2024-07-14,L7,F,132.0,7,3
2024-07-15,L1,B,103.0,7,3
2024-07-15,L2,A,75.0,7,3
2024-07-15,L3,D,96.0,7,3
2024-07-15,L4,C,96.0,7,3
2024-07-15,L5,E,120.0,7,3
2024-07-15,L6,F,60.0,7,3
2024-07-15,L7,F,132.0,7,3
2024-07-16,L1,B,113.0,7,3
2024-07-16,L2,A,62.0,7,3
2024-07-16,L3,D,73.0,7,3
2024-07-16,L4,E,96.0,7,3
2024-07-16,L5,C,119.0,7,3
2024-07-16,L5,E,1.0,7,3
2024-07-16,L7,D,132.0,7,3
2024-07-17,L1,B,140.0,7,3
2024-07-17,L4,C,55.0,7,3
2024-07-17,L4,E,6.0,7,3
2024-07-17,L5,C,91.0,7,3
2024-07-17,L6,F,60.0,7,3
2024-07-17,L7,D,132.0,7,3
2024-07-19,L1,A,17.0,7,3
2024-07-19,L1,B,85.0,7,3
2024-07-19,L2,A,70.0,7,3
2024-07-19,L3,D,96.0,7,3
2024-07-19,L4,C,96.0,7,3
2024-07-19,L5,E,120.0,7,3
2024-07-19,L6,F,49.0,7,3
2024-07-19,L7,D,108.0,7,3
2024-07-19,L7,F,14.0,7,3
2024-07-20,L1,A,68.0,7,3
2024-07-20,L1,B,7.0,7,3
2024-07-20,L3,D,96.0,7,3
2024-07-20,L4,E,96.0,7,3
2024-07-20,L5,C,109.0,7,3
2024-07-20,L6,F,52.0,7,3
2024-07-20,L7,D,57.0,7,3
2024-07-21,L1,A,109.0,7,3
2024-07-21,L1,B,20.0,7,3
2024-07-21,L3,D,72.0,7,3
2024-07-21,L4,C,96.0,7,3
2024-07-21,L5,E,120.0,7,3
2024-07-21,L6,F,60.0,7,3
2024-07-21,L7,F,132.0,7,3
2024-07-23,L1,B,117.0,7,3
2024-07-23,L2,A,56.0,7,3
2024-07-23,L3,D,80.0,7,3
2024-07-23,L4,E,96.0,7,3
2024-07-23,L5,C,118.0,7,3
2024-07-23,L5,E,1.0,7,3
2024-07-23,L7,D,132.0,7,3
2024-07-24,L1,B,138.0,7,3
2024-07-24,L4,C,51.0,7,3
2024-07-24,L4,E,6.0,7,3
2024-07-24,L5,C,100.0,7,3
2024-07-24,L6,F,55.0,7,3
2024-07-24,L7,D,132.0,7,3
2024-07-25,L1,B,128.0,7,3
2024-07-25,L4,E,96.0,7,3
2024-07-25,L5,C,120.0,7,3
2024-07-25,L7,F,132.0,7,3
2024-07-27,L1,A,64.0,7,3
2024-07-27,L1,B,7.0,7,3
2024-07-27,L3,D,87.0,7,3
2024-07-27,L4,E,93.0,7,3
2024-07-27,L5,C,99.0,7,3
2024-07-27,L6,F,57.0,7,3
2024-07-27,L7,D,55.0,7,3
2024-07-28,L1,A,99.0,7,3
2024-07-28,L1,B,22.0,7,3
2024-07-28,L3,D,76.0,7,3
2024-07-28,L4,C,96.0,7,3
2024-07-28,L5,E,120.0,7,3
2024-07-28,L6,F,60.0,7,3
2024-07-28,L7,F,120.0,7,3
2024-07-29,L1,B,128.0,7,3
2024-07-29,L3,D,96.0,7,3
2024-07-29,L4,E,96.0,7,3
2024-07-29,L5,C,120.0,7,3
2024-07-29,L6,F,58.0,7,3
2024-07-29,L7,D,132.0,7,3
2024-07-30,L1,B,128.0,7,3
2024-07-30,L2,A,51.0,7,3
2024-07-30,L3,D,88.0,7,3
2024-07-30,L4,E,96.0,7,3
2024-07-30,L5,C,107.0,7,3
2024-07-30,L5,E,1.0,7,3
2024-07-30,L7,D,132.0,7,3
2024-07-31,L1,B,140.0,7,3
2024-07-31,L4,C,56.0,7,3
2024-07-31,L4,E,6.0,7,3
2024-07-31,L5,C,110.0,7,3
2024-07-31,L6,F,60.0,7,3
2024-07-31,L7,D,132.0,7,3
2024-08-01,L1,B,140.0,8,3
2024-08-01,L4,E,96.0,8,3
2024-08-01,L5,C,108.0,8,3
2024-08-01,L7,F,132.0,8,3
2024-08-02,L1,B,140.0,8,3
2024-08-02,L2,A,69.0,8,3
2024-08-02,L3,D,91.0,8,3
2024-08-02,L4,C,96.0,8,3
2024-08-02,L5,E,120.0,8,3
2024-08-02,L6,F,55.0,8,3
2024-08-02,L7,D,60.0,8,3
2024-08-03,L1,A,58.0,8,3
2024-08-03,L1,B,7.0,8,3
2024-08-03,L3,D,84.0,8,3
2024-08-03,L4,E,84.0,8,3
2024-08-03,L5,C,105.0,8,3
2024-08-03,L6,F,52.0,8,3
2024-08-03,L7,D,60.0,8,3
2024-08-04,L1,A,103.0,8,3
2024-08-04,L1,B,24.0,8,3
2024-08-04,L3,D,83.0,8,3
2024-08-04,L4,C,96.0,8,3
2024-08-04,L5,E,120.0,8,3
2024-08-04,L6,F,60.0,8,3
2024-08-04,L7,F,132.0,8,3
2024-08-05,L1,B,140.0,8,3
2024-08-05,L3,D,96.0,8,3
2024-08-05,L4,E,96.0,8,3
2024-08-05,L5,C,120.0,8,3
2024-08-05,L6,F,60.0,8,3
2024-08-05,L7,D,132.0,8,3
2024-08-06,L1,B,140.0,8,3
2024-08-06,L2,A,47.0,8,3
2024-08-06,L3,D,96.0,8,3
2024-08-06,L4,E,96.0,8,3
2024-08-06,L5,C,117.0,8,3
2024-08-06,L5,E,1.0,8,3
2024-08-06,L7,D,132.0,8,3
2024-08-07,L1,B,140.0,8,3
2024-08-07,L4,C,59.0,8,3
2024-08-07,L4,E,6.0,8,3
2024-08-07,L5,C,120.0,8,3
2024-08-07,L6,F,60.0,8,3
2024-08-07,L7,D,132.0,8,3
2024-08-08,L1,B,140.0,8,3
2024-08-08,L4,E,96.0,8,3
2024-08-08,L5,C,118.0,8,3
2024-08-08,L7,F,132.0,8,3
2024-08-09,L1,B,140.0,8,3
2024-08-09,L2,A,75.0,8,3
2024-08-09,L3,D,82.0,8,3
2024-08-09,L4,C,96.0,8,3
2024-08-09,L5,E,120.0,8,3
2024-08-09,L6,F,60.0,8,3
2024-08-09,L7,D,66.0,8,3
2024-08-10,L1,A,54.0,8,3
2024-08-10,L1,B,7.0,8,3
2024-08-10,L3,D,92.0,8,3
2024-08-10,L4,E,76.0,8,3
2024-08-10,L5,C,110.0,8,3
2024-08-10,L6,F,50.0,8,3
2024-08-10,L7,D,66.0,8,3
2024-08-11,L1,A,106.0,8,3
2024-08-11,L1,B,25.0,8,3
2024-08-11,L3,D,91.0,8,3
2024-08-11,L4,C,96.0,8,3
2024-08-11,L5,E,120.0,8,3
2024-08-11,L6,F,54.0,8,3
2024-08-11,L7,F,132.0,8,3
2024-08-12,L1,B,140.0,8,3
2024-08-12,L3,D,96.0,8,3
2024-08-12,L4,E,96.0,8,3
2024-08-12,L5,C,120.0,8,3
2024-08-12,L6,F,54.0,8,3
2024-08-12,L7,D,132.0,8,3
2024-08-16,L1,B,140.0,8,3
2024-08-16,L2,A,75.0,8,3
2024-08-16,L3,D,74.0,8,3
2024-08-16,L4,C,96.0,8,3
2024-08-16,L5,E,120.0,8,3
2024-08-16,L6,F,54.0,8,3
2024-08-16,L7,D,72.0,8,3
2024-08-17,L1,A,49.0,8,3
2024-08-17,L1,B,7.0,8,3
2024-08-17,L3,D,96.0,8,3
2024-08-17,L4,E,73.0,8,3
2024-08-17,L5,C,120.0,8,3
2024-08-17,L6,F,55.0,8,3
2024-08-17,L7,D,72.0,8,3
2024-08-18,L1,A,116.0,8,3
2024-08-18,L1,B,23.0,8,3
2024-08-18,L3,D,91.0,8,3
2024-08-18,L4,C,96.0,8,3
2024-08-18,L5,E,120.0,8,3
2024-08-18,L6,F,55.0,8,3
2024-08-18,L7,F,120.0,8,3
2024-08-19,L1,B,140.0,8,3
2024-08-19,L3,D,89.0,8,3
2024-08-19,L4,E,96.0,8,3
2024-08-19,L5,C,120.0,8,3
2024-08-19,L6,F,50.0,8,3
2024-08-19,L7,D,132.0,8,3
2024-08-20,L1,B,140.0,8,3
2024-08-20,L2,A,67.0,8,3
2024-08-20,L3,D,96.0,8,3
2024-08-20,L4,C,96.0,8,3
2024-08-20,L5,C,120.0,8,3
2024-08-20,L6,F,60.0,8,3
2024-08-20,L7,F,132.0,8,3
2024-08-21,L1,B,140.0,8,3
2024-08-21,L3,D,96.0,8,3
2024-08-21,L4,C,74.0,8,3
2024-08-21,L4,E,7.0,8,3
2024-08-21,L5,E,120.0,8,3
2024-08-21,L6,F,60.0,8,3
2024-08-21,L7,F,51.0,8,3
2024-08-22,L1,A,139.0,8,3
2024-08-22,L1,B,1.0,8,3
2024-08-22,L4,E,80.0,8,3
2024-08-22,L5,C,98.0,8,3
2024-08-22,L5,E,2.0,8,3
2024-08-22,L7,D,4.0,8,3
2024-08-23,L1,B,140.0,8,3
2024-08-23,L2,A,75.0,8,3
2024-08-23,L3,D,67.0,8,3
2024-08-23,L4,C,96.0,8,3
2024-08-23,L5,E,120.0,8,3
2024-08-23,L6,F,50.0,8,3
2024-08-23,L7,D,79.0,8,3
2024-08-24,L1,A,45.0,8,3
2024-08-24,L1,B,7.0,8,3
2024-08-24,L3,D,96.0,8,3
2024-08-24,L4,E,80.0,8,3
2024-08-24,L5,C,120.0,8,3
2024-08-24,L6,F,60.0,8,3
2024-08-24,L7,D,79.0,8,3
2024-08-25,L1,A,110.0,8,3
2024-08-25,L1,B,21.0,8,3
2024-08-25,L3,D,96.0,8,3
2024-08-25,L4,C,96.0,8,3
2024-08-25,L5,E,120.0,8,3
2024-08-25,L6,F,60.0,8,3
2024-08-25,L7,F,132.0,8,3
2024-08-26,L1,B,140.0,8,3
2024-08-26,L3,D,96.0,8,3
2024-08-26,L4,E,96.0,8,3
2024-08-26,L5,C,120.0,8,3
2024-08-26,L6,F,55.0,8,3
2024-08-26,L7,D,132.0,8,3
2024-08-27,L1,B,135.0,8,3
2024-08-27,L2,A,61.0,8,3
2024-08-27,L3,D,93.0,8,3
2024-08-27,L4,C,87.0,8,3
2024-08-27,L5,C,108.0,8,3
2024-08-27,L6,F,54.0,8,3
2024-08-27,L7,F,119.0,8,3
2024-08-28,L1,B,140.0,8,3
2024-08-28,L3,D,96.0,8,3
2024-08-28,L4,C,81.0,8,3
2024-08-28,L4,E,7.0,8,3
2024-08-28,L5,E,120.0,8,3
2024-08-28,L6,F,60.0,8,3
2024-08-28,L7,F,56.0,8,3
2024-08-29,L1,A,139.0,8,3
2024-08-29,L1,B,1.0,8,3
2024-08-29,L4,E,88.0,8,3
2024-08-29,L5,C,107.0,8,3
2024-08-29,L5,E,2.0,8,3
2024-08-29,L7,D,4.0,8,3
2024-08-30,L1,B,140.0,8,3
2024-08-30,L2,A,75.0,8,3
2024-08-30,L3,D,73.0,8,3
2024-08-30,L4,C,96.0,8,3
2024-08-30,L5,E,120.0,8,3
2024-08-30,L6,F,55.0,8,3
2024-08-30,L7,D,86.0,8,3
2024-08-31,L1,A,41.0,8,3
2024-08-31,L1,B,7.0,8,3
2024-08-31,L3,D,96.0,8,3
2024-08-31,L4,E,88.0,8,3
2024-08-31,L5,C,120.0,8,3
2024-08-31,L6,F,55.0,8,3
2024-08-31,L7,D,86.0,8,3
2024-09-01,L1,A,121.0,9,3
2024-09-01,L1,B,19.0,9,3
2024-09-01,L3,D,96.0,9,3
2024-09-01,L4,C,96.0,9,3
2024-09-01,L5,E,120.0,9,3
2024-09-01,L6,F,60.0,9,3
2024-09-01,L7,F,132.0,9,3
2024-09-02,L1,B,140.0,9,3
2024-09-02,L3,D,96.0,9,3
2024-09-02,L4,E,96.0,9,3
2024-09-02,L5,C,120.0,9,3
2024-09-02,L6,F,60.0,9,3
2024-09-02,L7,D,132.0,9,3
2024-09-03,L1,B,122.0,9,3
2024-09-03,L2,A,65.0,9,3
2024-09-03,L3,D,84.0,9,3
2024-09-03,L4,C,84.0,9,3
2024-09-03,L5,C,105.0,9,3
2024-09-03,L6,F,52.0,9,3
2024-09-03,L7,F,115.0,9,3
2024-09-04,L1,B,140.0,9,3
2024-09-04,L3,D,87.0,9,3
2024-09-04,L4,C,89.0,9,3
2024-09-04,L4,E,7.0,9,3
2024-09-04,L5,E,120.0,9,3
2024-09-04,L6,F,60.0,9,3
2024-09-04,L7,F,61.0,9,3
2024-09-05,L1,A,139.0,9,3
2024-09-05,L1,B,1.0,9,3
2024-09-05,L4,E,96.0,9,3
2024-09-05,L5,C,117.0,9,3
2024-09-05,L5,E,2.0,9,3
2024-09-05,L7,D,4.0,9,3
2024-09-06,L1,B,140.0,9,3
2024-09-06,L2,A,71.0,9,3
2024-09-06,L3,D,80.0,9,3
2024-09-06,L4,C,96.0,9,3
2024-09-06,L5,E,120.0,9,3
2024-09-06,L6,F,60.0,9,3
2024-09-06,L7,D,94.0,9,3
2024-09-07,L1,A,37.0,9,3
2024-09-07,L1,B,7.0,9,3
2024-09-07,L3,D,87.0,9,3
2024-09-07,L4,E,96.0,9,3
2024-09-07,L5,C,120.0,9,3
2024-09-07,L6,F,60.0,9,3
2024-09-07,L7,D,94.0,9,3
2024-09-08,L1,A,121.0,9,3
2024-09-08,L1,B,19.0,9,3
2024-09-08,L3,D,96.0,9,3
2024-09-08,L4,C,96.0,9,3
2024-09-08,L5,E,120.0,9,3
2024-09-08,L6,F,60.0,9,3
2024-09-08,L7,F,132.0,9,3
2024-09-09,L1,B,140.0,9,3
2024-09-09,L3,D,96.0,9,3
2024-09-09,L4,E,96.0,9,3
2024-09-09,L5,C,120.0,9,3
2024-09-09,L6,F,60.0,9,3
2024-09-09,L7,D,132.0,9,3
2024-09-10,L1,B,134.0,9,3
2024-09-10,L2,A,69.0,9,3
2024-09-10,L3,D,88.0,9,3
2024-09-10,L4,C,88.0,9,3
2024-09-10,L5,C,115.0,9,3
2024-09-10,L6,F,57.0,9,3
2024-09-10,L7,F,126.0,9,3
2024-09-11,L1,B,140.0,9,3
2024-09-11,L3,D,79.0,9,3
2024-09-11,L4,C,86.0,9,3
2024-09-11,L4,E,7.0,9,3
2024-09-11,L5,E,120.0,9,3
2024-09-11,L6,F,60.0,9,3
2024-09-11,L7,F,67.0,9,3
2024-09-12,L1,A,127.0,9,3
2024-09-12,L1,B,1.0,9,3
2024-09-12,L4,E,96.0,9,3
2024-09-12,L5,C,108.0,9,3
2024-09-12,L5,E,2.0,9,3
2024-09-12,L7,D,4.0,9,3
2024-09-13,L1,B,140.0,9,3
2024-09-13,L2,A,69.0,9,3
2024-09-13,L3,D,88.0,9,3
2024-09-13,L4,C,96.0,9,3
2024-09-13,L5,E,120.0,9,3
2024-09-13,L6,F,60.0,9,3
2024-09-13,L7,D,93.0,9,3
2024-09-14,L1,A,37.0,9,3
2024-09-14,L1,B,7.0,9,3
2024-09-14,L3,D,93.0,9,3
2024-09-14,L4,E,96.0,9,3
2024-09-14,L5,C,120.0,9,3
2024-09-14,L6,F,60.0,9,3
2024-09-14,L7,D,103.0,9,3
2024-09-16,L1,B,140.0,9,3
2024-09-16,L3,D,96.0,9,3
2024-09-16,L4,E,96.0,9,3
2024-09-16,L5,C,120.0,9,3
2024-09-16,L6,F,60.0,9,3
2024-09-16,L7,D,132.0,9,3
2024-09-17,L1,B,140.0,9,3
2024-09-17,L2,A,75.0,9,3
2024-09-17,L3,D,96.0,9,3
2024-09-17,L4,C,96.0,9,3
2024-09-17,L5,C,120.0,9,3
2024-09-17,L6,F,60.0,9,3
2024-09-17,L7,F,132.0,9,3
2024-09-18,L1,B,140.0,9,3
2024-09-18,L3,D,80.0,9,3
2024-09-18,L4,C,78.0,9,3
2024-09-18,L4,E,7.0,9,3
2024-09-18,L5,E,120.0,9,3
2024-09-18,L6,F,60.0,9,3
2024-09-18,L7,F,61.0,9,3
2024-09-19,L1,A,115.0,9,3
2024-09-19,L1,B,1.0,9,3
2024-09-19,L4,E,96.0,9,3
2024-09-19,L5,C,116.0,9,3
2024-09-19,L5,E,2.0,9,3
2024-09-19,L7,D,4.0,9,3
2024-09-20,L1,B,140.0,9,3
2024-09-20,L2,A,75.0,9,3
2024-09-20,L3,D,96.0,9,3
2024-09-20,L4,C,96.0,9,3
2024-09-20,L5,E,120.0,9,3
2024-09-20,L6,F,60.0,9,3
2024-09-20,L7,D,102.0,9,3
2024-09-21,L1,A,40.0,9,3
2024-09-21,L1,B,7.0,9,3
2024-09-21,L3,D,96.0,9,3
2024-09-21,L4,E,96.0,9,3
2024-09-21,L5,C,110.0,9,3
2024-09-21,L6,F,60.0,9,3
2024-09-21,L7,D,113.0,9,3
2024-09-23,L1,B,140.0,9,3
2024-09-23,L3,D,87.0,9,3
2024-09-23,L4,E,96.0,9,3
2024-09-23,L5,C,120.0,9,3
2024-09-23,L6,F,60.0,9,3
2024-09-23,L7,D,132.0,9,3
2024-09-24,L1,B,140.0,9,3
2024-09-24,L2,A,68.0,9,3
2024-09-24,L3,D,88.0,9,3
2024-09-24,L4,C,96.0,9,3
2024-09-24,L5,C,108.0,9,3
2024-09-24,L6,F,60.0,9,3
2024-09-24,L7,F,132.0,9,3
2024-09-25,L1,B,139.0,9,3
2024-09-25,L3,D,88.0,9,3
2024-09-25,L4,C,71.0,9,3
2024-09-25,L4,E,7.0,9,3
2024-09-25,L5,E,120.0,9,3
2024-09-25,L6,F,54.0,9,3
2024-09-25,L7,F,55.0,9,3
2024-09-26,L1,A,110.0,9,3
2024-09-26,L1,B,1.0,9,3
2024-09-26,L4,E,93.0,9,3
2024-09-26,L5,C,114.0,9,3
2024-09-26,L5,E,2.0,9,3
2024-09-26,L7,D,4.0,9,3
2024-09-27,L1,B,130.0,9,3
2024-09-27,L2,A,68.0,9,3
2024-09-27,L3,D,96.0,9,3
2024-09-27,L4,C,96.0,9,3
2024-09-27,L5,E,120.0,9,3
2024-09-27,L6,F,56.0,9,3
2024-09-27,L7,D,112.0,9,3
2024-09-28,L1,A,43.0,9,3
2024-09-28,L1,B,7.0,9,3
2024-09-28,L3,D,96.0,9,3
2024-09-28,L4,E,96.0,9,3
2024-09-28,L5,C,99.0,9,3
2024-09-28,L6,F,60.0,9,3
2024-09-28,L7,D,124.0,9,3
2024-09-29,L1,B,140.0,9,3
2024-09-29,L3,D,96.0,9,3
2024-09-29,L4,E,6.0,9,3
2024-10-01,L1,B,140.0,10,4
2024-10-01,L2,A,74.0,10,4
2024-10-01,L3,D,96.0,10,4
2024-10-01,L4,C,96.0,10,4
2024-10-01,L5,C,99.0,10,4
2024-10-01,L6,F,60.0,10,4
2024-10-01,L7,F,132.0,10,4
2024-10-02,L1,B,126.0,10,4
2024-10-02,L3,D,96.0,10,4
2024-10-02,L4,C,64.0,10,4
2024-10-02,L4,E,7.0,10,4
2024-10-02,L5,E,108.0,10,4
2024-10-02,L6,F,50.0,10,4
2024-10-02,L7,F,50.0,10,4
2024-10-03,L1,A,121.0,10,4
2024-10-03,L1,B,1.0,10,4
2024-10-03,L4,E,84.0,10,4
2024-10-03,L5,C,103.0,10,4
2024-10-03,L5,E,2.0,10,4
2024-10-03,L7,D,4.0,10,4
2024-10-04,L1,B,117.0,10,4
2024-10-04,L2,A,73.0,10,4
2024-10-04,L3,D,96.0,10,4
2024-10-04,L4,C,96.0,10,4
2024-10-04,L5,E,108.0,10,4
2024-10-04,L6,F,51.0,10,4
2024-10-04,L7,D,120.0,10,4
2024-10-05,L1,A,47.0,10,4
2024-10-05,L1,B,7.0,10,4
2024-10-05,L3,D,96.0,10,4
2024-10-05,L4,E,96.0,10,4
2024-10-05,L5,C,90.0,10,4
2024-10-05,L6,F,60.0,10,4
2024-10-05,L7,D,112.0,10,4
2024-10-06,L1,B,140.0,10,4
2024-10-06,L3,D,96.0,10,4
2024-10-06,L4,E,6.0,10,4
2024-10-07,L1,B,139.0,10,4
2024-10-07,L3,D,96.0,10,4
2024-10-07,L4,E,96.0,10,4
2024-10-07,L5,E,78.0,10,4
2024-10-07,L7,F,132.0,10,4
2024-10-08,L1,B,140.0,10,4
2024-10-08,L2,A,75.0,10,4
2024-10-08,L3,D,96.0,10,4
2024-10-08,L4,C,96.0,10,4
2024-10-08,L5,C,90.0,10,4
2024-10-08,L6,F,54.0,10,4
2024-10-08,L7,F,132.0,10,4
2024-10-09,L1,B,114.0,10,4
2024-10-09,L3,D,96.0,10,4
2024-10-09,L4,C,58.0,10,4
2024-10-09,L4,E,7.0,10,4
2024-10-09,L5,E,118.0,10,4
2024-10-09,L6,F,55.0,10,4
2024-10-09,L7,F,45.0,10,4
2024-10-11,L1,B,106.0,10,4
2024-10-11,L2,A,75.0,10,4
2024-10-11,L3,D,96.0,10,4
2024-10-11,L4,C,96.0,10,4
2024-10-11,L5,E,98.0,10,4
2024-10-11,L6,F,46.0,10,4
2024-10-11,L7,D,132.0,10,4
2024-10-12,L1,A,51.0,10,4
2024-10-12,L1,B,7.0,10,4
2024-10-12,L3,D,96.0,10,4
2024-10-12,L4,E,96.0,10,4
2024-10-12,L5,C,95.0,10,4
2024-10-12,L6,F,60.0,10,4
2024-10-12,L7,D,101.0,10,4
2024-10-14,L1,B,140.0,10,4
2024-10-14,L3,D,96.0,10,4
2024-10-14,L4,E,96.0,10,4
2024-10-14,L5,E,85.0,10,4
2024-10-14,L7,F,132.0,10,4
2024-10-15,L1,B,140.0,10,4
2024-10-15,L2,A,69.0,10,4
2024-10-15,L3,D,88.0,10,4
2024-10-15,L4,C,96.0,10,4
2024-10-15,L5,C,81.0,10,4
2024-10-15,L6,F,49.0,10,4
2024-10-15,L7,F,132.0,10,4
2024-10-17,L1,B,138.0,10,4
2024-10-17,L3,D,96.0,10,4
2024-10-17,L4,C,96.0,10,4
2024-10-17,L5,C,85.0,10,4
2024-10-17,L5,E,31.0,10,4
2024-10-17,L7,F,132.0,10,4
2024-10-18,L1,B,96.0,10,4
2024-10-18,L2,A,75.0,10,4
2024-10-18,L3,D,96.0,10,4
2024-10-18,L4,C,96.0,10,4
2024-10-18,L5,E,90.0,10,4
2024-10-18,L6,F,42.0,10,4
2024-10-18,L7,D,122.0,10,4
2024-10-19,L1,A,56.0,10,4
2024-10-19,L1,B,7.0,10,4
2024-10-19,L3,D,96.0,10,4
2024-10-19,L4,E,96.0,10,4
2024-10-19,L5,C,86.0,10,4
2024-10-19,L6,F,60.0,10,4
2024-10-19,L7,D,91.0,10,4
2024-10-20,L1,B,140.0,10,4
2024-10-20,L3,D,96.0,10,4
2024-10-20,L4,C,43.0,10,4
2024-10-20,L5,C,79.0,10,4
2024-10-20,L7,F,132.0,10,4
2024-10-21,L1,B,137.0,10,4
2024-10-21,L3,D,89.0,10,4
2024-10-21,L4,E,96.0,10,4
2024-10-21,L5,E,93.0,10,4
2024-10-21,L7,F,132.0,10,4
2024-10-22,L1,B,139.0,10,4
2024-10-22,L2,A,75.0,10,4
2024-10-22,L3,D,96.0,10,4
2024-10-22,L4,C,96.0,10,4
2024-10-22,L5,C,88.0,10,4
2024-10-22,L6,F,45.0,10,4
2024-10-22,L7,F,132.0,10,4
2024-10-23,L4,E,92.0,10,4
2024-10-24,L1,B,130.0,10,4
2024-10-24,L3,D,88.0,10,4
2024-10-24,L4,C,96.0,10,4
2024-10-24,L5,C,86.0,10,4
2024-10-24,L5,E,28.0,10,4
2024-10-24,L7,F,132.0,10,4
2024-10-25,L1,B,87.0,10,4
2024-10-25,L2,A,75.0,10,4
2024-10-25,L3,D,96.0,10,4
2024-10-25,L4,C,96.0,10,4
2024-10-25,L5,E,81.0,10,4
2024-10-25,L6,F,38.0,10,4
2024-10-25,L7,D,110.0,10,4
2024-10-26,L1,A,61.0,10,4
2024-10-26,L1,B,7.0,10,4
2024-10-26,L3,D,96.0,10,4
2024-10-26,L4,E,88.0,10,4
2024-10-26,L5,C,78.0,10,4
2024-10-26,L6,F,54.0,10,4
2024-10-26,L7,D,84.0,10,4
2024-10-27,L1,B,126.0,10,4
2024-10-27,L3,D,92.0,10,4
2024-10-27,L4,C,47.0,10,4
2024-10-27,L5,C,86.0,10,4
2024-10-27,L7,F,127.0,10,4
2024-10-28,L1,B,138.0,10,4
2024-10-28,L3,D,96.0,10,4
2024-10-28,L4,E,88.0,10,4
2024-10-28,L5,E,90.0,10,4
2024-10-28,L7,F,132.0,10,4
2024-10-29,L1,B,140.0,10,4
2024-10-29,L2,A,75.0,10,4
2024-10-29,L3,D,96.0,10,4
2024-10-29,L4,C,96.0,10,4
2024-10-29,L5,C,96.0,10,4
2024-10-29,L6,F,41.0,10,4
2024-10-29,L7,F,132.0,10,4
2024-10-30,L4,E,88.0,10,4
2024-10-31,L1,B,117.0,10,4
2024-10-31,L3,D,96.0,10,4
2024-10-31,L4,C,96.0,10,4
2024-10-31,L5,C,78.0,10,4
2024-10-31,L5,E,26.0,10,4
2024-10-31,L7,F,120.0,10,4
2024-11-01,L1,B,79.0,11,4
2024-11-01,L2,A,69.0,11,4
2024-11-01,L3,D,96.0,11,4
2024-11-01,L4,C,96.0,11,4
2024-11-01,L5,E,76.0,11,4
2024-11-01,L6,F,35.0,11,4
2024-11-01,L7,D,120.0,11,4
2024-11-02,L1,A,67.0,11,4
2024-11-02,L1,B,7.0,11,4
2024-11-02,L3,D,96.0,11,4
2024-11-02,L4,E,96.0,11,4
2024-11-02,L5,C,71.0,11,4
2024-11-02,L6,F,49.0,11,4
2024-11-02,L7,D,83.0,11,4
2024-11-03,L1,B,117.0,11,4
2024-11-03,L3,D,83.0,11,4
2024-11-03,L4,C,43.0,11,4
2024-11-03,L5,C,80.0,11,4
2024-11-03,L7,F,115.0,11,4
2024-11-04,L1,B,139.0,11,4
2024-11-04,L3,D,96.0,11,4
2024-11-04,L4,E,96.0,11,4
2024-11-04,L5,E,99.0,11,4
2024-11-04,L7,F,132.0,11,4
2024-11-05,L1,B,139.0,11,4
2024-11-05,L2,A,75.0,11,4
2024-11-05,L3,D,96.0,11,4
2024-11-05,L4,C,96.0,11,4
2024-11-05,L5,C,105.0,11,4
2024-11-05,L6,F,37.0,11,4
2024-11-05,L7,F,132.0,11,4
2024-11-06,L4,E,96.0,11,4
2024-11-07,L1,B,128.0,11,4
2024-11-07,L3,D,96.0,11,4
2024-11-07,L4,C,96.0,11,4
2024-11-07,L5,C,71.0,11,4
2024-11-07,L5,E,24.0,11,4
2024-11-07,L7,F,132.0,11,4
2024-11-08,L1,B,73.0,11,4
2024-11-08,L2,A,75.0,11,4
2024-11-08,L3,D,96.0,11,4
2024-11-08,L4,C,96.0,11,4
2024-11-08,L5,E,83.0,11,4
2024-11-08,L6,F,32.0,11,4
2024-11-08,L7,D,132.0,11,4
2024-11-09,L1,A,73.0,11,4
2024-11-09,L1,B,7.0,11,4
2024-11-09,L3,D,96.0,11,4
2024-11-09,L4,E,96.0,11,4
2024-11-09,L5,C,64.0,11,4
2024-11-09,L6,F,45.0,11,4
2024-11-09,L7,D,75.0,11,4
2024-11-10,L1,B,110.0,11,4
2024-11-10,L3,D,88.0,11,4
2024-11-10,L4,C,40.0,11,4
2024-11-10,L5,C,87.0,11,4
2024-11-10,L7,F,120.0,11,4
2024-11-11,L1,B,128.0,11,4
2024-11-11,L3,D,88.0,11,4
2024-11-11,L4,E,96.0,11,4
2024-11-11,L5,E,108.0,11,4
2024-11-11,L7,F,132.0,11,4
2024-11-12,L1,B,139.0,11,4
2024-11-12,L2,A,68.0,11,4
2024-11-12,L3,D,96.0,11,4
2024-11-12,L4,C,96.0,11,4
2024-11-12,L5,C,108.0,11,4
2024-11-12,L6,F,40.0,11,4
2024-11-12,L7,F,132.0,11,4
2024-11-13,L4,E,96.0,11,4
2024-11-14,L1,B,140.0,11,4
2024-11-14,L3,D,96.0,11,4
2024-11-14,L4,C,96.0,11,4
2024-11-14,L5,C,64.0,11,4
2024-11-14,L5,E,23.0,11,4
2024-11-14,L7,F,132.0,11,4
2024-11-15,L1,B,80.0,11,4
2024-11-15,L2,A,68.0,11,4
2024-11-15,L3,D,96.0,11,4
2024-11-15,L4,C,96.0,11,4
2024-11-15,L5,E,91.0,11,4
2024-11-15,L6,F,29.0,11,4
2024-11-15,L7,D,132.0,11,4
2024-11-16,L1,A,80.0,11,4
2024-11-16,L1,B,7.0,11,4
2024-11-16,L3,D,96.0,11,4
2024-11-16,L4,E,96.0,11,4
2024-11-16,L5,C,58.0,11,4
2024-11-16,L6,F,41.0,11,4
2024-11-16,L7,D,82.0,11,4
2024-11-17,L1,B,118.0,11,4
2024-11-17,L3,D,96.0,11,4
2024-11-17,L4,C,43.0,11,4
2024-11-17,L5,C,95.0,11,4
2024-11-17,L7,F,132.0,11,4
2024-11-18,L1,B,140.0,11,4
2024-11-18,L3,D,96.0,11,4
2024-11-18,L4,E,96.0,11,4
2024-11-18,L5,E,118.0,11,4
2024-11-18,L7,F,132.0,11,4
2024-11-19,L1,B,140.0,11,4
2024-11-19,L2,A,66.0,11,4
2024-11-19,L3,D,96.0,11,4
2024-11-19,L4,C,96.0,11,4
2024-11-19,L5,C,106.0,11,4
2024-11-19,L6,F,44.0,11,4
2024-11-19,L7,F,132.0,11,4
2024-11-21,L1,B,140.0,11,4
2024-11-21,L3,D,96.0,11,4
2024-11-21,L4,C,96.0,11,4
2024-11-21,L5,C,69.0,11,4
2024-11-21,L5,E,21.0,11,4
2024-11-21,L7,F,132.0,11,4
2024-11-22,L1,B,87.0,11,4
2024-11-22,L2,A,69.0,11,4
2024-11-22,L3,D,89.0,11,4
2024-11-22,L4,C,96.0,11,4
2024-11-22,L5,E,100.0,11,4
2024-11-22,L6,F,27.0,11,4
2024-11-22,L7,D,132.0,11,4
2024-11-23,L1,A,82.0,11,4
2024-11-23,L1,B,7.0,11,4
2024-11-23,L3,D,96.0,11,4
2024-11-23,L4,E,96.0,11,4
2024-11-23,L5,C,53.0,11,4
2024-11-23,L6,F,37.0,11,4
2024-11-23,L7,D,90.0,11,4
2024-11-24,L1,B,129.0,11,4
2024-11-24,L3,D,96.0,11,4
2024-11-24,L4,C,39.0,11,4
2024-11-24,L5,C,104.0,11,4
2024-11-24,L7,F,132.0,11,4
2024-11-25,L1,B,140.0,11,4
2024-11-25,L3,D,96.0,11,4
2024-11-25,L4,E,96.0,11,4
2024-11-25,L5,E,120.0,11,4
2024-11-25,L7,F,132.0,11,4
2024-11-26,L1,B,135.0,11,4
2024-11-26,L2,A,60.0,11,4
2024-11-26,L3,D,87.0,11,4
2024-11-26,L4,C,93.0,11,4
2024-11-26,L5,C,116.0,11,4
2024-11-26,L6,F,48.0,11,4
2024-11-26,L7,F,127.0,11,4
2024-11-27,L1,B,138.0,11,4
2024-11-27,L2,A,75.0,11,4
2024-11-27,L3,D,96.0,11,4
2024-11-27,L4,C,88.0,11,4
2024-11-27,L5,E,120.0,11,4
2024-11-27,L7,F,132.0,11,4
2024-11-28,L1,B,140.0,11,4
2024-11-28,L3,D,96.0,11,4
2024-11-28,L4,C,96.0,11,4
2024-11-28,L5,C,74.0,11,4
2024-11-28,L5,E,19.0,11,4
2024-11-28,L7,F,132.0,11,4
2024-11-29,L1,B,95.0,11,4
2024-11-29,L2,A,75.0,11,4
2024-11-29,L3,D,81.0,11,4
2024-11-29,L4,C,96.0,11,4
2024-11-29,L5,E,110.0,11,4
2024-11-29,L6,F,25.0,11,4
2024-11-29,L7,D,132.0,11,4
2024-12-01,L1,B,140.0,12,4
2024-12-01,L3,D,88.0,12,4
2024-12-01,L4,C,42.0,12,4
2024-12-01,L5,C,114.0,12,4
2024-12-01,L7,F,132.0,12,4
2024-12-02,L1,B,140.0,12,4
2024-12-02,L3,D,96.0,12,4
2024-12-02,L4,E,96.0,12,4
2024-12-02,L5,E,120.0,12,4
2024-12-02,L7,F,132.0,12,4
2024-12-03,L1,B,122.0,12,4
2024-12-03,L2,A,54.0,12,4
2024-12-03,L3,D,79.0,12,4
2024-12-03,L4,C,84.0,12,4
2024-12-03,L5,C,105.0,12,4
2024-12-03,L6,F,52.0,12,4
2024-12-03,L7,F,115.0,12,4
2024-12-04,L1,B,140.0,12,4
2024-12-04,L2,A,75.0,12,4
2024-12-04,L3,D,96.0,12,4
2024-12-04,L4,C,96.0,12,4
2024-12-04,L5,E,120.0,12,4
2024-12-04,L7,F,132.0,12,4
2024-12-05,L1,B,140.0,12,4
2024-12-05,L3,D,96.0,12,4
2024-12-05,L4,C,96.0,12,4
2024-12-05,L5,C,68.0,12,4
2024-12-05,L5,E,18.0,12,4
2024-12-05,L7,F,132.0,12,4
2024-12-06,L1,B,104.0,12,4
2024-12-06,L2,A,69.0,12,4
2024-12-06,L3,D,88.0,12,4
2024-12-06,L4,C,96.0,12,4
2024-12-06,L5,E,120.0,12,4
2024-12-06,L6,F,23.0,12,4
2024-12-06,L7,D,132.0,12,4
2024-12-07,L1,A,140.0,12,4
2024-12-07,L3,D,96.0,12,4
2024-12-07,L4,C,96.0,12,4
2024-12-07,L5,E,120.0,12,4
2024-12-07,L7,F,132.0,12,4
2024-12-08,L1,B,140.0,12,4
2024-12-08,L3,D,96.0,12,4
2024-12-08,L4,C,46.0,12,4
2024-12-08,L5,C,120.0,12,4
2024-12-08,L7,F,132.0,12,4
2024-12-09,L1,B,140.0,12,4
2024-12-09,L3,D,87.0,12,4
2024-12-09,L4,E,96.0,12,4
2024-12-09,L5,E,120.0,12,4
2024-12-09,L7,F,132.0,12,4
2024-12-11,L1,B,140.0,12,4
2024-12-11,L2,A,75.0,12,4
2024-12-11,L3,D,95.0,12,4
2024-12-11,L4,C,96.0,12,4
2024-12-11,L5,E,120.0,12,4
2024-12-11,L7,F,132.0,12,4
2024-12-12,L1,B,140.0,12,4
2024-12-12,L3,D,96.0,12,4
2024-12-12,L4,C,96.0,12,4
2024-12-12,L5,C,62.0,12,4
2024-12-12,L5,E,18.0,12,4
2024-12-12,L7,F,132.0,12,4
2024-12-13,L1,B,114.0,12,4
2024-12-13,L2,A,75.0,12,4
2024-12-13,L3,D,96.0,12,4
2024-12-13,L4,C,96.0,12,4
2024-12-13,L5,E,120.0,12,4
2024-12-13,L6,F,21.0,12,4
2024-12-13,L7,D,132.0,12,4
2024-12-14,L1,A,140.0,12,4
2024-12-14,L3,D,88.0,12,4
2024-12-14,L4,C,96.0,12,4
2024-12-14,L5,E,120.0,12,4
2024-12-14,L7,F,132.0,12,4
2024-12-17,L1,B,140.0,12,4
2024-12-17,L3,D,96.0,12,4
2024-12-17,L4,C,1.0,12,4
2024-12-17,L4,E,95.0,12,4
2024-12-17,L5,C,120.0,12,4
2024-12-17,L7,D,132.0,12,4
2024-12-18,L1,B,140.0,12,4
2024-12-18,L2,A,69.0,12,4
2024-12-18,L3,D,96.0,12,4
2024-12-18,L4,C,96.0,12,4
2024-12-18,L5,E,120.0,12,4
2024-12-18,L7,F,132.0,12,4
2024-12-19,L1,B,140.0,12,4
2024-12-19,L3,D,96.0,12,4
2024-12-19,L4,C,96.0,12,4
2024-12-19,L5,C,56.0,12,4
2024-12-19,L5,E,19.0,12,4
2024-12-19,L7,F,132.0,12,4
2024-12-21,L1,A,126.0,12,4
2024-12-21,L3,D,96.0,12,4
2024-12-21,L4,C,96.0,12,4
2024-12-21,L5,E,120.0,12,4
2024-12-21,L7,F,132.0,12,4
2024-12-22,L3,D,96.0,12,4
2024-12-22,L4,E,3.0,12,4
2024-12-22,L5,C,1.0,12,4
2024-12-22,L6,F,60.0,12,4
2024-12-22,L7,D,132.0,12,4
2024-12-23,L5,C,5.0,12,4
2024-12-23,L7,F,132.0,12,4
2024-12-24,L1,B,140.0,12,4
2024-12-24,L3,D,96.0,12,4
2024-12-24,L4,C,1.0,12,4
2024-12-24,L4,E,95.0,12,4
2024-12-24,L5,C,120.0,12,4
2024-12-24,L7,D,132.0,12,4
2024-12-25,L1,B,140.0,12,4
2024-12-25,L2,A,75.0,12,4
2024-12-25,L3,D,96.0,12,4
2024-12-25,L4,C,96.0,12,4
2024-12-25,L5,E,120.0,12,4
2024-12-25,L7,F,132.0,12,4
2024-12-26,L1,B,140.0,12,4
2024-12-26,L3,D,96.0,12,4
2024-12-26,L4,C,96.0,12,4
2024-12-26,L5,C,51.0,12,4
2024-12-26,L5,E,19.0,12,4
2024-12-26,L7,F,119.0,12,4
2024-12-27,L1,B,40.0,12,4
2024-12-27,L5,C,120.0,12,4
2024-12-28,L1,A,114.0,12,4
2024-12-28,L3,D,96.0,12,4
2024-12-28,L4,C,96.0,12,4
2024-12-28,L5,E,120.0,12,4
2024-12-28,L7,F,132.0,12,4
2024-12-29,L3,D,96.0,12,4
2024-12-29,L4,E,3.0,12,4
2024-12-29,L5,C,1.0,12,4
2024-12-29,L6,F,60.0,12,4
2024-12-29,L7,D,132.0,12,4
2024-12-30,L5,C,5.0,12,4
2024-12-30,L7,F,132.0,12,4
2024-12-31,L1,B,140.0,12,4
2024-12-31,L3,D,96.0,12,4
2024-12-31,L4,C,1.0,12,4
2024-12-31,L4,E,95.0,12,4
2024-12-31,L5,C,120.0,12,4
2024-12-31,L7,D,132.0,12,4
